date,weekday,department,orders,gross_sum,revenue,discount_sum,discount_without_vat,discount_share_of_gross,dish_amount,avg_check,product_cost,food_cost_pct,gross_margin
2025-05-01,Четверг,Foodmarket Тепло Черникова,101.0,182207.0,159343.7,20224.3,14172.3,0.11099628444571284,742.0,1577.6603960396042,58873.958050063186,0.36947778952078547,100469.74194993683
2025-05-02,Пятница,Foodmarket Тепло Черникова,112.0,176660.0,151771.2,21710.8,17726.8,0.12289595833805049,703.0,1355.1000000000001,57133.4170628018,0.37644439170805655,94637.78293719821
2025-05-03,Суббота,Foodmarket Тепло Черникова,94.0,129946.0,114982.0,11396.0,11396.0,0.08769796684776754,536.0,1223.212765957447,41354.341386824904,0.3596592630744369,73627.6586131751
2025-05-04,Воскресенье,Foodmarket Тепло Черникова,93.0,144941.0,124108.6,16931.4,14550.4,0.11681580781145433,580.0,1334.5010752688172,46720.77295908323,0.37645072911211014,77387.82704091677
2025-05-05,Понедельник,Foodmarket Тепло Черникова,63.0,115256.0,105189.05,9324.95,9324.95,0.08090641701950442,541.0,1669.6674603174604,37184.44748091603,0.3535011246980178,68004.60251908397
2025-05-06,Вторник,Foodmarket Тепло Черникова,65.0,110817.0,100892.2,8702.8,7554.8,0.07853307705496448,453.0,1552.1876923076923,35734.88486446886,0.3541887763818101,65157.315135531135
2025-05-07,Среда,Foodmarket Тепло Черникова,106.0,180979.0,146636.05,16811.95,13613.95,0.09289447946999375,807.0,1383.358962264151,57278.959258206,0.3906199004829031,89357.09074179399
2025-05-08,Четверг,Foodmarket Тепло Черникова,96.0,157638.0,138519.8,16419.2,11327.2,0.10415762696811683,715.0,1442.9145833333332,51916.8012407246,0.37479696939155704,86602.99875927539
2025-05-09,Пятница,Foodmarket Тепло Черникова,159.0,265112.0,234364.65,21051.35,21016.35,0.07940549654485651,1091.0,1473.9915094339622,87790.33311269143,0.3745886297813746,146574.31688730855
2025-05-10,Суббота,Foodmarket Тепло Черникова,83.0,145126.0,127509.41,11789.59,10571.59,0.08123692515469316,571.0,1536.257951807229,46329.62801851852,0.3633428153931425,81179.78198148149
2025-05-11,Воскресенье,Foodmarket Тепло Черникова,75.0,120914.0,106180.1,12902.9,11433.9,0.10671138164315133,514.0,1415.7346666666667,39233.277579015965,0.36949746307468123,66946.82242098404
2025-05-12,Понедельник,Foodmarket Тепло Черникова,65.0,112185.0,103672.05,7656.95,6516.95,0.06825288585818068,449.0,1594.9546153846154,36228.52977652782,0.3494532014803201,67443.52022347218
2025-05-13,Вторник,Foodmarket Тепло Черникова,63.0,101124.0,87996.0,9149.0,8520.0,0.09047308255211424,450.0,1396.7619047619048,32243.533586466165,0.366420446230126,55752.46641353384
2025-05-14,Среда,Foodmarket Тепло Черникова,67.0,125363.0,99273.9,9387.1,9387.1,0.07487935036653558,574.0,1481.6999999999998,39327.9651037629,0.39615614077580213,59945.93489623709
2025-05-15,Четверг,Foodmarket Тепло Черникова,72.0,112819.0,94070.0,11179.0,10271.0,0.09908791958801266,520.0,1306.5277777777778,36739.060089324616,0.3905502295027598,57330.939910675384
2025-05-16,Пятница,Foodmarket Тепло Черникова,91.0,148088.0,136093.0,8031.0,7472.0,0.054231267894765275,676.0,1495.5274725274726,48620.53033751209,0.3572595970219783,87472.46966248791
2025-05-17,Суббота,Foodmarket Тепло Черникова,107.0,194213.0,177831.05,12225.95,10258.95,0.06295124425244449,847.0,1661.972429906542,63937.52266457951,0.35954082633251905,113893.52733542048
2025-05-18,Воскресенье,Foodmarket Тепло Черникова,69.0,104131.0,95035.0,7137.0,7137.0,0.06853866763979986,474.0,1377.3188405797102,32653.622345238095,0.34359575256734987,62381.377654761905
2025-05-19,Понедельник,Foodmarket Тепло Черникова,74.0,139470.0,116150.35,10641.65,10633.65,0.07630063813006381,539.0,1569.5993243243245,43545.11462394105,0.3749029996374617,72605.23537605896
2025-05-20,Вторник,Foodmarket Тепло Черникова,51.0,71856.0,62375.15,6532.85,5863.85,0.09091585949677132,309.0,1223.042156862745,22353.285668498167,0.35836844750671004,40021.864331501834
2025-05-21,Среда,Foodmarket Тепло Черникова,65.0,97671.0,80049.9,7976.1,5215.1,0.08166292963110852,447.0,1231.536923076923,30901.016398496242,0.3860219238062289,49148.88360150375
2025-05-22,Четверг,Foodmarket Тепло Черникова,89.0,162259.0,141578.85,11043.15,11043.15,0.06805878256367906,733.0,1590.773595505618,50790.10687761415,0.3587407785669551,90788.74312238586
2025-05-23,Пятница,Foodmarket Тепло Черникова,122.0,211117.0,181399.65,15091.35,14811.35,0.07148334809607942,856.0,1486.8823770491804,67295.25506318673,0.3709778660718846,114104.39493681326
2025-05-24,Суббота,Foodmarket Тепло Черникова,163.0,380511.0,283949.93,16625.07,16625.07,0.043691430733934104,1262.0,1742.0241104294478,123522.81426678061,0.43501618143304566,160427.11573321937
2025-05-25,Воскресенье,Foodmarket Тепло Черникова,77.0,130578.0,117417.65,12258.35,8689.35,0.0938776057222503,601.0,1524.9045454545453,42307.21495926245,0.36031393030998704,75110.43504073755
2025-05-26,Понедельник,Foodmarket Тепло Черникова,72.0,118612.0,108516.0,7531.0,6512.0,0.0634927326071561,519.0,1507.1666666666667,37426.192246699036,0.34489100452190496,71089.80775330096
2025-05-27,Вторник,Foodmarket Тепло Черникова,104.0,191645.0,126831.55,21110.45,6078.95,0.1101539304443111,816.0,1219.5341346153846,58485.701370459035,0.46112896491810623,68345.84862954097
2025-05-28,Среда,Foodmarket Тепло Черникова,78.0,164797.0,148866.75,6760.25,6760.25,0.04102168121992512,699.0,1908.548076923077,49582.050411922166,0.33306329594702755,99284.69958807784
2025-05-29,Четверг,Foodmarket Тепло Черникова,73.0,139145.0,128983.5,9411.5,8722.5,0.06763807538898271,621.0,1766.8972602739725,43829.7752481203,0.3398091635606128,85153.7247518797
2025-05-30,Пятница,Foodmarket Тепло Черникова,114.0,215312.0,196665.2,13475.8,12686.8,0.06258731515196551,1015.0,1725.1333333333334,68084.04277556963,0.3461926297869152,128581.15722443038
2025-05-31,Суббота,Foodmarket Тепло Черникова,103.0,194837.0,173729.1,13017.9,12457.9,0.06681431145008392,804.0,1686.690291262136,60628.16501133359,0.3489810573550061,113100.93498866641
2025-06-01,Воскресенье,Foodmarket Тепло Черникова,151.0,255395.0,225935.7,16724.3,16198.3,0.06548405411225748,1073.0,1496.2629139072849,80543.09630206626,0.35648680709629443,145392.60369793375
2025-06-02,Понедельник,Foodmarket Тепло Черникова,78.0,118851.0,100585.55,13710.45,13091.45,0.11535830577782266,467.0,1289.5583333333334,36618.307357142854,0.3640513707698855,63967.24264285715
2025-06-03,Вторник,Foodmarket Тепло Черникова,72.0,101973.0,81551.55,17115.45,15757.45,0.1678429584301727,438.0,1132.6604166666666,31669.63482142857,0.38833884606029645,49881.915178571435
2025-06-04,Среда,Foodmarket Тепло Черникова,74.0,110616.0,97704.25,10152.75,10152.75,0.09178373833803428,499.0,1320.3277027027027,35271.37,0.3610013893970836,62432.88
2025-06-05,Четверг,Foodmarket Тепло Черникова,65.0,107166.0,97059.3,8913.7,7824.7,0.08317656719481926,418.0,1493.22,34624.20708578143,0.3567325035909123,62435.09291421857
2025-06-06,Пятница,Foodmarket Тепло Черникова,94.0,150539.0,134954.25,7914.75,7364.75,0.05257607663130485,652.0,1435.6835106382978,47870.62084795784,0.35471740125233436,87083.62915204215
2025-06-07,Суббота,Foodmarket Тепло Черникова,97.0,155408.0,136444.05,13561.95,12169.95,0.08726674302481212,712.0,1406.6396907216495,49621.78238184319,0.36367860952414705,86822.2676181568
2025-06-08,Воскресенье,Foodmarket Тепло Черникова,61.0,86059.0,79911.0,5110.0,5110.0,0.05937786867149281,415.0,1310.016393442623,27819.001403547096,0.34812480639144916,52091.998596452904
2025-06-09,Понедельник,Foodmarket Тепло Черникова,45.0,82339.0,75948.87,4991.13,4991.13,0.06061684013650882,363.0,1687.7526666666665,26589.5475,0.35009800014141096,49359.322499999995
2025-06-10,Вторник,Foodmarket Тепло Черникова,76.0,126745.0,114367.05,9192.95,9162.95,0.07253106631425303,554.0,1504.8296052631579,40722.41460479063,0.3560677188472609,73644.63539520936
2025-06-11,Среда,Foodmarket Тепло Черникова,120.0,176532.0,162608.1,11789.9,11401.9,0.0667861917386083,752.0,1355.0675,57045.685464290436,0.3508169978266177,105562.41453570957
2025-06-12,Четверг,Foodmarket Тепло Черникова,109.0,189457.0,171446.0,11632.0,11482.0,0.06139651741556131,858.0,1572.8990825688074,59482.62037519361,0.3469466792762363,111963.37962480639
2025-06-13,Пятница,Foodmarket Тепло Черникова,75.0,122563.0,111233.85,6884.15,6884.15,0.056168256325318404,473.0,1483.1180000000002,38894.08042036125,0.3496604713435815,72339.76957963876
2025-06-14,Суббота,Foodmarket Тепло Черникова,84.0,125633.0,103655.85,11079.15,11009.15,0.08818662294142462,535.0,1233.9982142857143,37929.99024356436,0.36592233090138526,65725.85975643565
2025-06-15,Воскресенье,Foodmarket Тепло Черникова,82.0,137182.0,113615.45,9625.55,7203.55,0.07016627545887943,617.0,1385.554268292683,42887.000000376436,0.3774750705152903,70728.44999962355
2025-06-16,Понедельник,Foodmarket Тепло Черникова,71.0,120694.0,103458.2,9106.8,7589.8,0.0754536265265879,515.0,1457.1577464788732,36294.20857251465,0.35081036179360026,67163.99142748534
2025-06-17,Вторник,Foodmarket Тепло Черникова,69.0,112131.0,102633.9,8214.1,5437.1,0.07325449697229135,402.0,1487.4478260869564,35845.058254591066,0.34925164350756494,66788.84174540892
2025-06-18,Среда,Foodmarket Тепло Черникова,69.0,127617.0,99232.4,14435.6,7891.6,0.11311659104978178,489.0,1438.1507246376812,40184.12515497076,0.40494964502491887,59048.274845029235
2025-06-19,Четверг,Foodmarket Тепло Черникова,77.0,123019.0,112528.65,7510.35,7510.35,0.06105032555946643,520.0,1461.411038961039,38642.81457074814,0.34340423146237103,73885.83542925186
2025-06-20,Пятница,Foodmarket Тепло Черникова,116.0,183532.0,166971.5,12532.5,10993.5,0.06828509469738248,787.0,1439.4094827586207,59560.318812805,0.3567094912173934,107411.181187195
2025-06-21,Суббота,Foodmarket Тепло Черникова,82.0,132140.0,120230.45,9741.55,9741.55,0.07372143181474193,598.0,1466.225,42811.565384513895,0.3560792243937696,77418.88461548611
2025-06-22,Воскресенье,Foodmarket Тепло Черникова,68.0,107726.0,95085.1,10680.9,9361.9,0.09914876631453873,461.0,1398.3102941176471,34308.55492857143,0.36081946517983815,60776.545071428576
2025-06-23,Понедельник,Foodmarket Тепло Черникова,83.0,133641.0,116669.3,10620.7,9991.7,0.07947186866306,589.0,1405.6542168674698,43025.514696362705,0.36878180203672006,73643.7853036373
2025-06-24,Вторник,Foodmarket Тепло Черникова,72.0,127375.0,111797.2,7857.8,7707.8,0.06169028459273798,593.0,1552.7388888888888,39728.46693983957,0.3553619137137564,72068.73306016042
2025-06-25,Среда,Foodmarket Тепло Черникова,79.0,136362.0,118614.7,8335.3,7646.3,0.06112626684853551,560.0,1501.4518987341771,42968.22223321785,0.36225039757481875,75646.47776678215
2025-06-26,Четверг,Foodmarket Тепло Черникова,62.0,100169.0,92390.35,6447.65,5368.65,0.06436771855564097,454.0,1490.1669354838712,32616.993129120878,0.3530346310964389,59773.35687087913
2025-06-27,Пятница,Foodmarket Тепло Черникова,125.0,215589.0,201208.75,9743.25,9673.25,0.04519363232818001,987.0,1609.67,69307.98067865247,0.3444580848429925,131900.76932134753
2025-06-28,Суббота,Foodmarket Тепло Черникова,102.0,182350.0,166902.15,12064.85,12004.85,0.06616314779270634,747.0,1636.295588235294,58922.27482284854,0.35303484600317336,107979.87517715145
2025-06-29,Воскресенье,Foodmarket Тепло Черникова,85.0,132534.0,119617.09,9219.91,9219.91,0.06956637542064678,568.0,1407.259882352941,42270.04265602837,0.3533779550733793,77347.04734397163
2025-06-30,Понедельник,Foodmarket Тепло Черникова,63.0,101403.0,94140.97,6249.03,5521.03,0.06162569154758735,451.0,1494.3011111111111,32939.891728537725,0.3498996422974792,61201.07827146228
2025-07-01,Вторник,Foodmarket Тепло Черникова,83.0,137867.0,125057.49,9198.51,9198.51,0.06672017234000885,588.0,1506.7167469879519,44912.00998645564,0.3591309084042518,80145.48001354437
2025-07-02,Среда,Foodmarket Тепло Черникова,91.0,144560.0,120185.25,16504.75,14936.75,0.11417231599335916,607.0,1320.717032967033,46331.240363837525,0.3854985563023543,73854.00963616247
2025-07-03,Четверг,Foodmarket Тепло Черникова,65.0,114053.0,101109.5,10529.5,8574.5,0.09232111386811395,473.0,1555.5307692307692,37114.503549723144,0.36707236757894307,63994.996450276856
2025-07-04,Пятница,Foodmarket Тепло Черникова,103.0,174214.0,149477.9,18156.1,18156.1,0.1042172270885233,697.0,1451.2417475728155,56891.82334338405,0.38060357647106396,92586.07665661594
2025-07-05,Суббота,Foodmarket Тепло Черникова,111.0,171079.0,150969.05,14134.95,12416.95,0.08262235575377458,735.0,1360.0815315315315,55521.780487692005,0.367769291041389,95447.26951230798
2025-07-06,Воскресенье,Foodmarket Тепло Черникова,65.0,103044.0,91311.25,8273.75,7081.75,0.08029336982260006,451.0,1404.7884615384614,33384.885002927105,0.36561633974923247,57926.364997072895
2025-07-07,Понедельник,Foodmarket Тепло Черникова,72.0,114900.0,106235.8,6804.2,6804.2,0.059218450826805914,486.0,1475.4972222222223,36521.5201388814,0.3437778991534059,69714.2798611186
2025-07-08,Вторник,Foodmarket Тепло Черникова,89.0,150847.0,130724.87,12607.13,10149.13,0.08357560972375982,686.0,1468.8187640449437,48890.51903234483,0.37399554524204026,81834.35096765516
2025-07-09,Среда,Foodmarket Тепло Черникова,59.0,96226.0,79398.5,7638.5,7518.5,0.07938083262319955,396.0,1345.7372881355932,29580.783342172635,0.3725609846807261,49817.71665782736
2025-07-10,Четверг,Foodmarket Тепло Черникова,67.0,105237.0,94781.0,7171.0,5861.0,0.06814143314613681,509.0,1414.641791044776,35810.208481525784,0.3778205387316633,58970.791518474216
2025-07-11,Пятница,Foodmarket Тепло Черникова,97.0,143729.0,132396.75,9298.25,9059.25,0.06469292905398354,642.0,1364.9149484536083,48061.33971879882,0.36300996602106034,84335.41028120118
2025-07-12,Суббота,Foodmarket Тепло Черникова,102.0,176780.0,162211.75,10764.25,10826.25,0.06089065505147641,823.0,1590.311274509804,58891.8271598419,0.3630552482162476,103319.9228401581
2025-07-13,Воскресенье,Foodmarket Тепло Черникова,68.0,105183.0,92801.45,6925.55,7123.55,0.06584286434119582,426.0,1364.7272058823528,33809.72877011869,0.3643232812646644,58991.72122988131
2025-07-14,Понедельник,Foodmarket Тепло Черникова,73.0,112214.0,103172.4,5819.6,6089.6,0.05186162154454881,543.0,1413.3205479452054,36852.034280832355,0.35718888269374716,66320.36571916763
2025-07-15,Вторник,Foodmarket Тепло Черникова,98.0,164293.0,149228.7,12438.3,10416.3,0.0757080338176307,757.0,1522.741836734694,53543.58018314537,0.3588021619376525,95685.11981685464
2025-07-16,Среда,Foodmarket Тепло Черникова,66.0,109703.0,97497.39,6415.61,6415.61,0.05848162766742933,506.0,1477.2331818181817,35039.38647890998,0.35938794339940777,62458.00352109002
2025-07-17,Четверг,Foodmarket Тепло Черникова,57.0,91635.0,83788.4,6886.6,6886.6,0.0751525072297703,404.0,1469.9719298245614,30812.453285714284,0.3677412778584421,52975.94671428571
2025-07-18,Пятница,Foodmarket Тепло Черникова,111.0,180009.0,136296.35,15127.65,8364.65,0.08403829808509575,718.0,1227.8950450450452,56701.24440460685,0.4160144010063868,79595.10559539316
2025-07-19,Суббота,Foodmarket Тепло Черникова,118.0,187486.0,163954.15,11950.85,7651.85,0.06374262611608333,760.0,1389.4419491525423,62091.22460407648,0.37871090548227343,101862.92539592352
2025-07-20,Воскресенье,Foodmarket Тепло Черникова,116.0,181499.0,117291.0,35201.0,5949.0,0.19394597215411655,834.0,1011.1293103448276,58287.092705797106,0.49694428989263545,59003.907294202894
2025-07-21,Понедельник,Foodmarket Тепло Черникова,66.0,131222.0,117591.95,7507.05,6782.05,0.05720877596744448,621.0,1781.696212121212,42567.18843091853,0.3619906671410631,75024.76156908146
2025-07-22,Вторник,Foodmarket Тепло Черникова,66.0,105707.0,95172.0,6466.0,6356.0,0.06116908057176913,512.0,1442.0,34105.83670463182,0.3583599872297716,61066.16329536818
2025-07-23,Среда,Foodmarket Тепло Черникова,87.0,157122.0,137980.25,13462.75,12974.75,0.08568341798093201,687.0,1585.9798850574712,51087.988760238775,0.37025580661173446,86892.26123976122
2025-07-24,Четверг,Foodmarket Тепло Черникова,70.0,104372.0,88376.8,9667.2,9088.2,0.09262254244433374,404.0,1262.5257142857142,34085.03388888889,0.3856785252338723,54291.766111111116
2025-07-25,Пятница,Foodmarket Тепло Черникова,101.0,180718.0,150801.45,18043.55,16633.55,0.0998436791022477,779.0,1493.0836633663369,59017.53085918991,0.391359173663051,91783.9191408101
2025-07-26,Суббота,Foodmarket Тепло Черникова,78.0,126335.0,114962.85,8850.15,8850.15,0.07005303360113982,528.0,1473.8826923076924,40229.18290862573,0.34993202507267107,74733.66709137429
2025-07-27,Воскресенье,Foodmarket Тепло Черникова,67.0,107983.0,98237.15,7566.85,7566.85,0.07007445616439625,469.0,1466.226119402985,35288.97671936759,0.3592223178234262,62948.17328063241
2025-07-28,Понедельник,Foodmarket Тепло Черникова,65.0,115978.0,102182.35,12463.65,10011.65,0.10746564003517908,508.0,1572.0361538461539,37522.690251449625,0.36721302897662483,64659.65974855038
2025-07-29,Вторник,Foodmarket Тепло Черникова,68.0,122235.0,106201.6,12321.4,10313.4,0.10080091626784472,577.0,1561.7882352941178,40251.08201798712,0.379006361655447,65950.51798201288
2025-07-30,Среда,Foodmarket Тепло Черникова,81.0,140533.0,123163.0,10677.0,10546.0,0.0759750378914561,618.0,1520.530864197531,45409.772644828314,0.3686965455926562,77753.2273551717
2025-07-31,Четверг,Foodmarket Тепло Черникова,84.0,135840.0,117329.57,9679.43,9529.43,0.07125611012956419,583.0,1396.7805952380954,43800.42027472527,0.373311009958745,73529.14972527474
2025-08-01,Пятница,Foodmarket Тепло Черникова,110.0,190757.0,167368.62,19604.38,19604.38,0.10277148413950733,838.0,1521.532909090909,61795.70986298068,0.36921921124151397,105572.91013701932
2025-08-02,Суббота,Foodmarket Тепло Черникова,118.0,186450.0,164463.6,16585.4,16585.4,0.08895360686511129,723.0,1393.7593220338983,59047.539721327004,0.35903105441767663,105416.060278673
2025-08-03,Воскресенье,Foodmarket Тепло Черникова,87.0,136608.0,119050.4,14087.6,12986.6,0.10312426797844929,641.0,1368.3954022988505,44038.93458426593,0.3699184092137946,75011.46541573407
2025-08-04,Понедельник,Foodmarket Тепло Черникова,65.0,110257.0,101381.15,7649.85,7579.85,0.06938198935214998,488.0,1559.7099999999998,35696.15994827586,0.3520985898096033,65684.99005172413
2025-08-05,Вторник,Foodmarket Тепло Черникова,57.0,99315.0,89274.75,7340.25,7200.25,0.07390877510950007,424.0,1566.2236842105262,32359.0993018648,0.36246642305763727,56915.6506981352
2025-08-06,Среда,Foodmarket Тепло Черникова,64.0,103106.0,90009.65,10110.35,10296.35,0.09805782398696487,503.0,1406.40078125,33321.446537314114,0.3701986013423462,56688.20346268588
2025-08-07,Четверг,Foodmarket Тепло Черникова,69.0,110240.0,96710.0,4571.0,4571.0,0.04146407837445573,415.0,1401.5942028985507,36374.9345464191,0.37612381911300896,60335.0654535809
2025-08-08,Пятница,Foodmarket Тепло Черникова,111.0,195303.0,177644.25,11781.75,11881.75,0.060325494232039444,859.0,1600.3986486486488,63397.077851874084,0.35687661070861615,114247.17214812592
2025-08-09,Суббота,Foodmarket Тепло Черникова,92.0,138140.0,124861.56,9758.44,9808.44,0.07064166787317215,619.0,1357.1908695652173,45180.18300581427,0.3618422115326308,79681.37699418573
2025-08-10,Воскресенье,Foodmarket Тепло Черникова,79.0,134282.0,117159.75,14912.25,10419.25,0.11105174185668966,574.0,1483.0348101265822,43630.61609157483,0.37240277562537333,73529.13390842517
2025-08-11,Понедельник,Foodmarket Тепло Черникова,81.0,130824.0,111961.65,7241.35,7241.35,0.055351846755946926,531.0,1382.2425925925925,41161.61523251657,0.3676403056985724,70800.03476748342
2025-08-12,Вторник,Foodmarket Тепло Черникова,68.0,96334.0,84946.05,8837.95,8727.95,0.09174279070733075,431.0,1249.206617647059,31106.698392857143,0.36619358278409814,53839.35160714286
2025-08-13,Среда,Foodmarket Тепло Черникова,64.0,106659.0,96262.8,8137.2,7987.2,0.07629173346834303,466.0,1504.10625,34407.91907179487,0.3574373389491566,61854.88092820513
2025-08-14,Четверг,Foodmarket Тепло Черникова,66.0,106170.0,95120.35,7001.65,7001.65,0.06594753696901196,447.0,1441.2174242424244,33995.91166666667,0.3573989337367521,61124.43833333334
2025-08-15,Пятница,Foodmarket Тепло Черникова,124.0,209040.0,179838.05,17288.95,14565.95,0.08270641982395714,915.0,1450.3068548387096,67596.32683028227,0.37587333064544615,112241.72316971772
2025-08-16,Суббота,Foodmarket Тепло Черникова,101.0,149944.0,133385.45,10100.55,8513.55,0.06736214853545323,676.0,1320.6480198019804,48453.976959049956,0.3632628368315281,84931.47304095005
2025-08-17,Воскресенье,Foodmarket Тепло Черникова,79.0,114571.0,105077.0,6829.0,7063.0,0.05960496111581465,537.0,1330.0886075949368,37967.15039645626,0.36132693545168076,67109.84960354374
2025-08-18,Понедельник,Foodmarket Тепло Черникова,54.0,96070.0,86811.55,7267.45,5498.45,0.07564744457166649,424.0,1607.6212962962964,30989.197149748274,0.35697090018261707,55822.35285025173
2025-08-19,Вторник,Foodmarket Тепло Черникова,63.0,95400.0,87051.55,7282.45,7303.45,0.0763359538784067,492.0,1381.770634920635,32029.79479363296,0.3679405455001428,55021.755206367045
2025-08-20,Среда,Foodmarket Тепло Черникова,56.0,82687.0,76360.8,5375.2,5395.2,0.0650065911207324,373.0,1363.5857142857144,28149.47340895578,0.3686377488050908,48211.32659104423
2025-08-21,Четверг,Foodmarket Тепло Черникова,76.0,130787.0,111511.75,7843.25,7433.25,0.05996964530113849,575.0,1467.2598684210527,42257.34189937236,0.3789496792882576,69254.40810062764
2025-08-22,Пятница,Foodmarket Тепло Черникова,102.0,168832.0,139437.64,19571.36,12218.56,0.11592210007581502,735.0,1367.03568627451,54818.784709117135,0.3931419429439363,84618.85529088287
2025-08-23,Суббота,Foodmarket Тепло Черникова,106.0,168323.0,153505.8,11498.2,10488.2,0.06831033192136547,686.0,1448.1679245283017,54502.367087286526,0.3550508650962148,99003.43291271347
2025-08-24,Воскресенье,Foodmarket Тепло Черникова,80.0,133018.0,119684.6,6268.4,6268.4,0.04712444932264806,615.0,1496.0575000000001,43351.33339802689,0.36221312848960424,76333.26660197313
2025-08-25,Понедельник,Foodmarket Тепло Черникова,73.0,141516.0,122181.45,10505.55,7827.55,0.07423577546001865,563.0,1673.718493150685,45490.31320936232,0.3723176735041393,76691.13679063768
2025-08-26,Вторник,Foodmarket Тепло Черникова,62.0,112373.0,102358.5,8364.5,8443.8,0.07443514011372838,516.0,1650.9435483870968,37261.92770729234,0.36403354589303616,65096.57229270766
2025-08-27,Среда,Foodmarket Тепло Черникова,68.0,112152.0,94747.0,10309.0,8790.0,0.09191989442898924,428.0,1393.3382352941176,37857.58306526807,0.39956497899952576,56889.41693473193
2025-08-28,Четверг,Foodmarket Тепло Черникова,79.0,104577.0,89840.35,9306.65,8168.65,0.08899327768056073,500.0,1137.2196202531645,33529.60308165714,0.37321318407215837,56310.74691834287
2025-08-29,Пятница,Foodmarket Тепло Черникова,95.0,148864.0,136182.15,8300.85,8200.85,0.05576129890369734,683.0,1433.4963157894736,49067.4436534774,0.36030745331511804,87114.7063465226
2025-08-30,Суббота,Foodmarket Тепло Черникова,121.0,226864.0,192153.4,19565.6,15082.6,0.08624374074335284,1044.0,1588.0446280991735,73013.56905903204,0.3799754209867327,119139.83094096795
2025-08-31,Воскресенье,Foodmarket Тепло Черникова,105.0,173285.0,157340.0,12409.0,9990.0,0.07161035288686268,712.0,1498.4761904761904,55602.57116178266,0.35339119843512556,101737.42883821734
2025-09-01,Понедельник,Foodmarket Тепло Черникова,215.0,398417.0,355492.65,25867.35,26187.35,0.06492531694179716,1621.0,1653.4541860465117,133642.7674091395,0.3759367947808189,221849.88259086054
2025-09-02,Вторник,Foodmarket Тепло Черникова,61.0,103215.0,92848.95,8075.05,8075.05,0.07823523712638666,488.0,1522.1139344262294,34809.53400240836,0.37490498279634143,58039.415997591634
2025-09-03,Среда,Foodmarket Тепло Черникова,57.0,101338.0,84767.0,10344.0,7235.0,0.10207424658074957,422.0,1487.140350877193,32329.161149795564,0.3813885256030715,52437.83885020444
2025-09-04,Четверг,Foodmarket Тепло Черникова,69.0,111155.0,95479.85,12701.15,12142.15,0.1142652152399802,522.0,1383.7659420289856,34367.68569434383,0.35994700132377494,61112.16430565617
2025-09-05,Пятница,Foodmarket Тепло Черникова,106.0,175458.0,152428.3,16133.7,16133.7,0.09195192011763499,831.0,1438.0028301886791,56704.09454856255,0.372005031536549,95724.20545143745
2025-09-06,Суббота,Foodmarket Тепло Черникова,111.0,156822.0,138825.9,11662.1,11662.1,0.07436520386170307,738.0,1250.6837837837838,52536.35419087852,0.3784333772795892,86289.54580912148
2025-09-07,Воскресенье,Foodmarket Тепло Черникова,69.0,124757.0,114287.65,6452.35,6332.35,0.051719342401628766,540.0,1656.3427536231884,39194.99261809542,0.3429503766863298,75092.65738190457
2025-09-08,Понедельник,Foodmarket Тепло Черникова,56.0,108430.0,84703.4,12877.6,8590.6,0.11876417965507702,476.0,1512.560714285714,36087.68314847987,0.42604763384326805,48615.71685152013
2025-09-09,Вторник,Foodmarket Тепло Черникова,65.0,108163.0,95375.45,8517.55,7958.55,0.0787473535312445,461.0,1467.3146153846153,34876.64563921568,0.36567739013777323,60498.804360784314
2025-09-10,Среда,Foodmarket Тепло Черникова,53.0,87969.0,80525.8,5213.2,4584.2,0.059261785401675586,416.0,1519.3547169811322,28334.35792068273,0.35186682927313645,52191.442079317276
2025-09-11,Четверг,Foodmarket Тепло Черникова,60.0,89387.0,83436.65,5099.35,5099.35,0.05704800474341907,364.0,1390.6108333333332,28800.44166252588,0.34517734907292996,54636.20833747412
2025-09-12,Пятница,Foodmarket Тепло Черникова,107.0,185327.0,169465.45,12262.55,11550.55,0.06616709923540552,717.0,1583.7892523364487,62048.30021407066,0.3661413002713571,107417.14978592936
2025-09-13,Суббота,Foodmarket Тепло Черникова,111.0,201109.0,179501.75,15080.25,15024.6,0.07498545564842946,854.0,1617.132882882883,64725.6197943505,0.3605848956589588,114776.1302056495
2025-09-14,Воскресенье,Foodmarket Тепло Черникова,78.0,120150.0,101139.95,9814.05,9235.4,0.0816816479400749,511.0,1296.6660256410255,38046.31106546645,0.3761749048270881,63093.63893453355
2025-09-15,Понедельник,Foodmarket Тепло Черникова,62.0,95367.0,82997.0,9415.0,9561.0,0.09872387723216626,438.0,1338.6612903225807,31256.431709872923,0.37659712652111427,51740.56829012708
2025-09-16,Вторник,Foodmarket Тепло Черникова,61.0,105939.0,95635.4,6779.6,4864.85,0.06399531806039326,475.0,1567.7934426229508,34837.74168016578,0.36427663480432754,60797.65831983421
2025-09-17,Среда,Foodmarket Тепло Черникова,52.0,93683.0,85879.65,5744.35,5245.35,0.061316887802482845,403.0,1651.5317307692308,30123.342048387098,0.3507622824311359,55756.30795161289
2025-09-18,Четверг,Foodmarket Тепло Черникова,86.0,134937.0,120242.55,10644.45,8183.45,0.07888459058671825,584.0,1398.1691860465116,43043.62697763186,0.35797333787109353,77198.92302236814
2025-09-19,Пятница,Foodmarket Тепло Черникова,101.0,167601.0,148746.0,10961.0,10312.0,0.06539937112547062,710.0,1472.7326732673268,55193.606823980685,0.3710594357090657,93552.39317601931
2025-09-20,Суббота,Foodmarket Тепло Черникова,111.0,181420.0,166775.3,12785.7,11776.7,0.07047569176496528,778.0,1502.48018018018,59784.20425,0.35847157372824395,106991.09574999998
2025-09-21,Воскресенье,Foodmarket Тепло Черникова,51.0,79702.0,70270.08,7362.92,7362.92,0.09238061780130988,365.0,1377.844705882353,26578.752857142856,0.3782371225013954,43691.327142857146
2025-09-22,Понедельник,Foodmarket Тепло Черникова,62.0,102906.0,92188.7,8666.3,8243.3,0.08421569199074883,467.0,1486.914516129032,32331.517232070706,0.3507101980185284,59857.18276792929
2025-09-23,Вторник,Foodmarket Тепло Черникова,62.0,130497.0,109000.35,6883.65,6883.65,0.05274948849398837,536.0,1758.0701612903226,41458.929547366875,0.380355930484323,67541.42045263313
2025-09-24,Среда,Foodmarket Тепло Черникова,59.0,103448.0,89925.88,12402.12,7609.12,0.11988747969994587,469.0,1524.1674576271187,32740.993895450258,0.3640886683060567,57184.88610454975
2025-09-25,Четверг,Foodmarket Тепло Черникова,80.0,132202.0,118625.35,10867.65,10777.65,0.08220488343595407,546.0,1482.816875,44110.89619002696,0.37185050404510467,74514.45380997306
2025-09-26,Пятница,Foodmarket Тепло Черникова,120.0,204931.0,188625.7,13406.3,13316.3,0.06541860431071922,918.0,1571.8808333333334,69541.44963691772,0.3686743091578598,119084.25036308229
2025-09-27,Суббота,Foodmarket Тепло Черникова,126.0,219711.0,196158.45,14714.55,14714.55,0.06697229542444393,892.0,1556.8130952380952,71678.50950893915,0.3654112759809182,124479.94049106086
2025-09-28,Воскресенье,Foodmarket Тепло Черникова,70.0,107865.0,100109.0,5256.0,5146.0,0.048727576136837716,538.0,1430.1285714285714,35066.40696808511,0.3502822620152545,65042.59303191489
2025-09-29,Понедельник,Foodmarket Тепло Черникова,59.0,109102.0,84981.8,18405.2,5674.2,0.16869718245311727,525.0,1440.3694915254239,33432.327857314456,0.39340573931494105,51549.47214268555
2025-09-30,Вторник,Foodmarket Тепло Черникова,74.0,125519.0,104138.95,16310.05,7954.05,0.12994088544363802,561.0,1407.283108108108,39429.449370331466,0.3786234580849093,64709.50062966853
2025-10-01,Среда,Foodmarket Тепло Черникова,80.0,131369.0,102762.65,23936.35,12309.35,0.18220698947240216,642.0,1284.533125,42613.15264474149,0.41467549391477826,60149.49735525851
2025-10-02,Четверг,Foodmarket Тепло Черникова,60.0,103269.0,90940.75,9346.25,9226.25,0.09050392663819733,512.0,1515.6791666666666,34937.60059663866,0.3841798159421234,56003.14940336134
2025-10-03,Пятница,Foodmarket Тепло Черникова,119.0,188973.0,172249.2,14989.8,14849.8,0.07932244288866663,848.0,1447.4722689075631,63397.804554685994,0.36805862990763377,108851.39544531402
2025-10-04,Суббота,Foodmarket Тепло Черникова,121.0,234055.0,214057.92,17288.08,15960.08,0.07386332272329155,1025.0,1769.0737190082646,77944.40638867438,0.36412764539931236,136113.51361132564
2025-10-05,Воскресенье,Foodmarket Тепло Черникова,75.0,136107.0,124048.75,9696.25,9696.25,0.07123990683800245,589.0,1653.9833333333333,43937.570227985365,0.35419599333314816,80111.17977201464
2025-10-06,Понедельник,Foodmarket Тепло Черникова,59.0,95920.0,78496.1,8975.9,8989.9,0.09357693911592994,410.0,1330.442372881356,32311.00956234387,0.41162566754709934,46185.09043765614
2025-10-07,Вторник,Foodmarket Тепло Черникова,72.0,107716.0,93484.0,10785.0,10640.0,0.10012440120316388,532.0,1298.388888888889,35427.309513071894,0.3789665559140804,58056.690486928106
2025-10-08,Среда,Foodmarket Тепло Черникова,60.0,97283.0,83824.3,6811.7,6741.7,0.07001942785481532,393.0,1397.0716666666667,31151.279220211163,0.37162587961022236,52673.02077978884
2025-10-09,Четверг,Foodmarket Тепло Черникова,77.0,126641.0,99029.7,8765.3,8539.3,0.06921376173593069,578.0,1286.1,42115.651842780026,0.42528303976261694,56914.04815721997
2025-10-10,Пятница,Foodmarket Тепло Черникова,123.0,220334.0,187205.76,16609.24,16609.24,0.07538210171830041,986.0,1521.9980487804878,71500.23558476803,0.3819339510962057,115705.52441523198
2025-10-11,Суббота,Foodmarket Тепло Черникова,92.0,192177.0,171506.65,10765.35,10645.35,0.056017889757879455,773.0,1864.2027173913043,63007.518544072474,0.36737653347011606,108499.13145592752
2025-10-12,Воскресенье,Foodmarket Тепло Черникова,78.0,124395.0,113964.65,6975.35,6883.35,0.056074199123758994,564.0,1461.0852564102563,41122.385328504046,0.3608345686886596,72842.26467149594
2025-10-13,Понедельник,Foodmarket Тепло Черникова,62.0,101162.0,82361.65,8624.35,7315.35,0.0852528617465056,435.0,1328.4137096774193,33338.710159927075,0.4047843888499936,49022.93984007292
2025-10-14,Вторник,Foodmarket Тепло Черникова,70.0,105091.0,94083.0,8826.0,8267.0,0.0839843564149166,511.0,1344.0428571428572,34624.88933014354,0.36802492830950906,59458.11066985646
2025-10-15,Среда,Foodmarket Тепло Черникова,71.0,121982.0,107565.75,7810.25,7700.25,0.06402788936072536,579.0,1515.0105633802816,39949.93598363643,0.37140015277759353,67615.81401636357
2025-10-16,Четверг,Foodmarket Тепло Черникова,77.0,119489.0,100580.0,16837.0,7422.0,0.14090836813430524,527.0,1306.2337662337663,38910.16423261183,0.3868578666992626,61669.83576738817
2025-10-17,Пятница,Foodmarket Тепло Черникова,98.0,175170.0,152821.3,12924.7,11823.7,0.07378375292572929,779.0,1559.401020408163,57604.34519313007,0.37693924337203044,95216.95480686991
2025-10-18,Суббота,Foodmarket Тепло Черникова,117.0,209151.0,185285.05,20243.95,14020.95,0.0967910743912293,965.0,1583.6329059829059,68888.77765832112,0.3717988993624749,116396.27234167886
2025-10-19,Воскресенье,Foodmarket Тепло Черникова,95.0,151612.0,135120.55,10723.45,10293.45,0.07072955966546184,656.0,1422.3215789473684,50509.16491274895,0.3738081654696414,84611.38508725104
2025-10-20,Понедельник,Foodmarket Тепло Черникова,52.0,97582.0,86792.5,5943.5,4549.5,0.060907749380008605,427.0,1669.0865384615386,32107.11678643417,0.36992962279499,54685.38321356583
2025-10-21,Вторник,Foodmarket Тепло Черникова,63.0,98205.0,87203.65,7799.35,7926.35,0.07941907234865843,447.0,1384.1849206349204,31871.515651412312,0.36548373435529724,55332.134348587686
2025-10-22,Среда,Foodmarket Тепло Черникова,55.0,91718.0,76205.89,7216.11,7216.11,0.07867714080115135,382.0,1385.5616363636364,28618.297012987012,0.375539174373359,47587.59298701299
2025-10-23,Четверг,Foodmarket Тепло Черникова,70.0,143293.0,88874.15,45522.85,6979.85,0.31769067574829196,541.0,1269.6307142857142,37247.71830862849,0.4191063240394254,51626.4316913715
2025-10-24,Пятница,Foodmarket Тепло Черникова,147.0,271992.0,240578.5,21517.5,18008.5,0.07911078267007852,1226.0,1636.5884353741496,88936.5341948116,0.3696778149120208,151641.9658051884
2025-10-25,Суббота,Foodmarket Тепло Черникова,144.0,235383.0,201455.65,27723.35,18851.35,0.11777974620087261,1010.0,1398.9975694444445,75027.71414045572,0.37242794699704734,126427.93585954428
2025-10-26,Воскресенье,Foodmarket Тепло Черникова,70.0,114684.0,102541.55,9127.45,7536.45,0.07958782393359144,537.0,1464.8792857142857,37651.22663420561,0.36718019801929663,64890.32336579439
2025-10-27,Понедельник,Foodmarket Тепло Черникова,55.0,86572.0,79813.3,5938.7,5642.7,0.06859839208982119,362.0,1451.1509090909092,29103.887653958944,0.36464959667071706,50709.41234604106
2025-10-28,Вторник,Foodmarket Тепло Черникова,64.0,114418.0,95435.65,8289.35,6990.35,0.07244795399325281,454.0,1491.18203125,37640.885192696194,0.3944111575988239,57794.7648073038
2025-10-29,Среда,Foodmarket Тепло Черникова,60.0,97604.0,78258.1,8171.9,5442.9,0.08372505225195688,416.0,1304.3016666666667,32900.100719167596,0.42040505352375784,45357.99928083241
2025-10-30,Четверг,Foodmarket Тепло Черникова,84.0,128234.0,113694.45,9297.55,8498.55,0.07250456197264375,536.0,1353.505357142857,42074.279150326794,0.3700644943559408,71620.1708496732
2025-10-31,Пятница,Foodmarket Тепло Черникова,104.0,181248.0,167975.78,10378.22,10740.12,0.057259776659604515,768.0,1615.1517307692307,61731.969808231566,0.3675051832367236,106243.81019176843
2025-11-01,Суббота,Foodmarket Тепло Черникова,128.0,218592.0,192450.63,16390.37,15050.37,0.07498156382667252,921.0,1503.520546875,71853.80525766469,0.3733622761207105,120596.82474233532
2025-11-02,Воскресенье,Foodmarket Тепло Черникова,110.0,187427.0,166854.15,13782.85,11949.85,0.07353716380244042,871.0,1516.855909090909,63406.98707209349,0.38001444418429803,103447.1629279065
2025-11-03,Понедельник,Foodmarket Тепло Черникова,100.0,180365.0,157016.65,20226.35,15004.35,0.11214121365009841,792.0,1570.1665,59423.23022799418,0.3784517771076773,97593.41977200581
2025-11-04,Вторник,Foodmarket Тепло Черникова,71.0,119465.0,100278.7,15987.3,15987.3,0.1338241325911355,535.0,1412.376056338028,38900.78271916972,0.3879266755469479,61377.917280830276
2025-11-05,Среда,Foodmarket Тепло Черникова,67.0,135239.0,121239.1,12736.9,10852.9,0.09418067273493592,542.0,1809.5388059701493,43457.055866360744,0.3584409309072794,77782.04413363925
2025-11-06,Четверг,Foodmarket Тепло Черникова,55.0,85607.0,73221.85,7458.15,6879.15,0.0871207961965727,309.0,1331.3063636363638,27647.17241111111,0.3775809053050573,45574.677588888895
2025-11-07,Пятница,Foodmarket Тепло Черникова,96.0,175511.0,151227.95,17417.05,17192.05,0.09923623020779324,780.0,1575.2911458333335,57492.01042959583,0.3801678884729696,93735.93957040418
2025-11-08,Суббота,Foodmarket Тепло Черникова,115.0,225001.0,202268.0,18884.0,16963.0,0.08392851587326279,1080.0,1758.8521739130435,75343.50580797787,0.3724934532796976,126924.49419202213
2025-11-09,Воскресенье,Foodmarket Тепло Черникова,63.0,107903.0,96249.75,9313.25,6142.25,0.08631131664550569,480.0,1527.7738095238096,35576.59360215054,0.36962790658833444,60673.15639784946
2025-11-10,Понедельник,Foodmarket Тепло Черникова,65.0,119690.0,94791.1,17342.9,12763.9,0.1448984877600468,449.0,1458.3246153846155,39521.97511207292,0.4169376145236517,55269.124887927086
2025-11-11,Вторник,Foodmarket Тепло Черникова,56.0,102036.0,90732.92,7177.08,6618.08,0.07033870398682818,423.0,1620.2307142857142,32959.524545454544,0.36325872181182467,57773.395454545454
2025-11-12,Среда,Foodmarket Тепло Черникова,46.0,58595.0,50288.3,5503.7,4714.7,0.09392780954006315,260.0,1093.2239130434784,18726.545795454545,0.3723837511996736,31561.754204545457
2025-11-13,Четверг,Foodmarket Тепло Черникова,59.0,84804.0,69605.1,13183.9,10484.9,0.15546318569878778,372.0,1179.7474576271188,26467.766470588234,0.3802561374179224,43137.33352941177
2025-11-14,Пятница,Foodmarket Тепло Черникова,134.0,222632.0,193811.9,16829.1,16494.1,0.07559155916489992,940.0,1446.357462686567,75117.97735908779,0.38758186344124274,118693.9226409122
2025-11-15,Суббота,Foodmarket Тепло Черникова,135.0,248593.0,224531.55,14892.45,14892.45,0.05990695635033971,1115.0,1663.1966666666665,81540.14068145743,0.3631567175368336,142991.40931854257
2025-11-16,Воскресенье,Foodmarket Тепло Черникова,90.0,140739.0,126756.1,10317.9,10307.9,0.07331230149425533,630.0,1408.4011111111113,46300.796573576925,0.3652747013640915,80455.30342642308
2025-11-17,Понедельник,Foodmarket Тепло Черникова,50.0,86294.0,77290.66,6738.34,6738.34,0.07808584606113983,367.0,1545.8132,27967.791818181817,0.36185215416949235,49322.86818181819
2025-11-18,Вторник,Foodmarket Тепло Черникова,60.0,80981.0,70842.3,9734.7,8124.7,0.12020967881354887,330.0,1180.7050000000002,27760.835,0.3918680647014566,43081.465000000004
2025-11-19,Среда,Foodmarket Тепло Черникова,58.0,102085.0,78423.1,15447.9,12364.9,0.15132389675270608,468.0,1352.1224137931035,33087.597387855385,0.4219113677966745,45335.50261214462
2025-11-20,Четверг,Foodmarket Тепло Черникова,71.0,95941.0,81106.9,11599.1,9844.1,0.12089826038919753,406.0,1142.350704225352,30812.520643141946,0.3799001150721079,50294.379356858044
2025-11-21,Пятница,Foodmarket Тепло Черникова,123.0,219348.0,180193.65,27157.35,26437.35,0.12380942611740248,977.0,1464.989024390244,73004.5995999122,0.40514524013422337,107189.0504000878
2025-11-22,Суббота,Foodmarket Тепло Черникова,124.0,216930.0,182133.65,25301.35,24552.35,0.11663370672567187,912.0,1468.819758064516,70268.32619117647,0.3858063910275585,111865.32380882352
2025-11-23,Воскресенье,Foodmarket Тепло Черникова,80.0,142916.0,111422.87,18813.13,18503.13,0.13163767527778555,576.0,1392.785875,45140.2731207483,0.4051257441201102,66282.5968792517
2025-11-24,Понедельник,Foodmarket Тепло Черникова,50.0,95977.0,80586.59,10563.41,10443.41,0.11006188982777124,375.0,1611.7318,31039.0545995671,0.38516401549646284,49547.5354004329
2025-11-25,Вторник,Foodmarket Тепло Черникова,74.0,131797.0,112809.26,13017.74,13017.74,0.09877114046601972,635.0,1524.4494594594594,42716.20923078662,0.37865871321899125,70093.05076921338
2025-11-26,Среда,Foodmarket Тепло Черникова,61.0,120285.0,97731.89,14090.11,14404.96,0.11713937731221682,560.0,1602.162131147541,38078.30745008912,0.389620086648167,59653.582549910876
2025-11-27,Четверг,Foodmarket Тепло Черникова,51.0,81893.0,71072.15,9721.85,9581.85,0.1187140537042238,394.0,1393.571568627451,26957.726045066043,0.3793008378818714,44114.423954933955
2025-11-28,Пятница,Foodmarket Тепло Черникова,121.0,227953.0,191062.6,30848.4,28989.4,0.13532789654007624,958.0,1579.0297520661159,74971.95660541543,0.3923947261547546,116090.64339458458
2025-11-29,Суббота,Foodmarket Тепло Черникова,113.0,207386.0,169865.0,25103.0,23393.0,0.12104481498268929,825.0,1503.2300884955753,65380.71990912663,0.38489812444662896,104484.28009087336
2025-11-30,Воскресенье,Foodmarket Тепло Черникова,129.0,246490.0,199399.0,29296.0,26595.0,0.1188526917927705,1003.0,1545.7286821705427,77984.94481868834,0.39109997953193515,121414.05518131166
2025-12-01,Понедельник,Foodmarket Тепло Черникова,66.0,121841.0,93631.45,16704.55,16564.55,0.13710122208452,545.0,1418.6583333333333,38780.947389227644,0.41418719232936846,54850.50261077235
2025-12-02,Вторник,Foodmarket Тепло Черникова,56.0,118824.0,95211.9,22321.1,22841.1,0.18785009762337573,451.0,1700.2124999999999,37906.06254366323,0.398123160483755,57305.83745633676
2025-12-03,Среда,Foodmarket Тепло Черникова,56.0,102214.0,89183.05,10193.95,10193.95,0.09973144579020488,393.0,1592.5544642857144,33750.00135714286,0.3784351550787157,55433.048642857146
2025-12-04,Четверг,Foodmarket Тепло Черникова,55.0,89570.0,75057.2,11454.8,11454.8,0.12788656916378252,442.0,1364.6763636363635,28401.395739348372,0.3783966859854667,46655.804260651625
2025-12-05,Пятница,Foodmarket Тепло Черникова,112.0,207690.0,179368.6,26490.4,25791.4,0.12754778756801002,904.0,1601.5053571428573,66206.56231218745,0.36910898737118675,113162.03768781255
2025-12-06,Суббота,Foodmarket Тепло Черникова,144.0,278223.0,232485.0,35236.0,34052.0,0.12664661081219022,1119.0,1614.4791666666667,90145.54597762613,0.38774779438512647,142339.4540223739
2025-12-07,Воскресенье,Foodmarket Тепло Черникова,76.0,133780.0,114894.47,16587.53,16587.53,0.1239911047989236,592.0,1511.7693421052631,42935.54461111111,0.3736954843093067,71958.92538888889
2025-12-08,Понедельник,Foodmarket Тепло Черникова,56.0,98991.0,77839.0,12460.0,9489.0,0.12587002858845753,489.0,1389.982142857143,32043.345238030975,0.41166183067653717,45795.654761969025
2025-12-09,Вторник,Foodmarket Тепло Черникова,66.0,104116.0,85147.9,15531.1,14831.1,0.14917111683122672,429.0,1290.1196969696969,33748.490065382095,0.3963514081425625,51399.4099346179
2025-12-10,Среда,Foodmarket Тепло Черникова,69.0,136890.0,107649.9,17646.1,18055.1,0.12890715172766454,548.0,1560.1434782608694,43886.05618598126,0.4076739150336532,63763.843814018735
2025-12-11,Четверг,Foodmarket Тепло Черникова,77.0,170413.0,113666.35,41361.65,13435.65,0.24271417086724606,636.0,1476.1863636363637,48736.13177614978,0.4287648171701632,64930.21822385023
2025-12-12,Пятница,Foodmarket Тепло Черникова,129.0,253095.0,204055.38,35398.62,28987.62,0.13986297635275294,976.0,1581.8246511627908,81338.81798142628,0.3986114846931567,122716.56201857372
2025-12-13,Суббота,Foodmarket Тепло Черникова,133.0,269464.0,225396.0,37662.0,30544.0,0.13976635097823828,1051.0,1694.7067669172932,86512.15365823978,0.38382293234236536,138883.84634176022
2025-12-14,Воскресенье,Foodmarket Тепло Черникова,84.0,151920.0,120985.05,20635.95,19605.95,0.13583432069510268,602.0,1440.2982142857143,48783.75552723665,0.4032213527806671,72201.29447276334
2025-12-15,Понедельник,Foodmarket Тепло Черникова,73.0,134288.0,106821.3,19953.7,17238.7,0.14858885380674372,565.0,1463.305479452055,43001.18970810297,0.4025525780729402,63820.110291897035
2025-12-16,Вторник,Foodmarket Тепло Черникова,72.0,132433.0,100099.75,22583.25,16714.25,0.17052585080757818,532.0,1390.2743055555557,42594.1746138396,0.4255172926389886,57505.5753861604
2025-12-17,Среда,Foodmarket Тепло Черникова,71.0,132697.0,114590.23,15710.77,15710.77,0.11839581904639894,602.0,1613.9469014084507,43240.952761460765,0.37735287520987404,71349.27723853923
2025-12-18,Четверг,Foodmarket Тепло Черникова,62.0,99125.0,84115.08,13969.92,12670.92,0.1409323581336696,411.0,1356.6948387096775,31778.2568,0.37779500179991504,52336.8232
2025-12-19,Пятница,Foodmarket Тепло Черникова,96.0,168015.0,140254.0,24962.0,23217.0,0.1485700681486772,638.0,1460.9791666666667,50148.89565244279,0.35755768571622054,90105.10434755721
2025-12-20,Суббота,Foodmarket Тепло Черникова,116.0,246572.0,203935.0,28999.0,28999.0,0.11760864980614182,964.0,1758.0603448275863,72823.9991979804,0.3570941682299772,131111.0008020196
2025-12-21,Воскресенье,Foodmarket Тепло Черникова,73.0,143338.0,120340.0,20139.0,20139.0,0.1405000767416875,553.0,1648.4931506849316,41494.184623414374,0.3448079160995045,78845.81537658563
2025-12-22,Понедельник,Foodmarket Тепло Черникова,54.0,103960.0,88876.0,11610.0,11610.0,0.11167756829549827,380.0,1645.851851851852,29751.77,0.3347559521130564,59124.229999999996
2025-12-23,Вторник,Foodmarket Тепло Черникова,71.0,158400.0,132871.49,16486.51,16486.51,0.10408150252525251,571.0,1871.4294366197182,44833.57458385093,0.3374205752027838,88037.91541614906
2025-12-24,Среда,Foodmarket Тепло Черникова,63.0,114599.0,95804.52,15673.48,15398.48,0.136768034625084,444.0,1520.7066666666667,33271.35826511314,0.3472838052433553,62533.16173488687
2025-12-25,Четверг,Foodmarket Тепло Черникова,85.0,171122.0,140474.6,21210.4,17673.4,0.12394899545353608,652.0,1652.6423529411766,49842.533661269386,0.35481527380230576,90632.06633873063
2025-12-26,Пятница,Foodmarket Тепло Черникова,145.0,314929.0,267645.5,35206.5,35086.5,0.11179186419796208,1153.0,1845.8310344827587,91092.79295531391,0.340348681204481,176552.70704468607
2025-12-27,Суббота,Foodmarket Тепло Черникова,125.0,252525.0,212880.3,33724.7,32303.7,0.13354994554994554,965.0,1703.0423999999998,73256.58461745031,0.3441210136280826,139623.71538254968
2025-12-28,Воскресенье,Foodmarket Тепло Черникова,81.0,164783.0,142360.75,17176.25,17575.25,0.10423557041685125,642.0,1757.54012345679,48842.69702912828,0.34309103477698927,93518.05297087172
2025-12-29,Понедельник,Foodmarket Тепло Черникова,101.0,189211.0,165160.9,22655.1,22190.1,0.11973458202747196,758.0,1635.2564356435644,56394.79790476191,0.3414536848900794,108766.10209523808
2025-12-30,Вторник,Foodmarket Тепло Черникова,98.0,228375.0,189456.75,29106.25,24555.25,0.12744937055281882,865.0,1933.232142857143,67644.8752322807,0.3570465303151284,121811.8747677193
2025-12-31,Среда,Foodmarket Тепло Черникова,112.0,289336.0,244260.1,36588.9,34145.9,0.12645816628418172,877.0,2180.89375,87159.81202680813,0.35683196734467937,157100.28797319188
2026-01-02,Пятница,Foodmarket Тепло Черникова,91.0,182926.0,149458.0,20934.0,21050.0,0.11443971879339186,654.0,1642.3956043956043,54493.99235494138,0.3646107425159,94964.00764505862
2026-01-03,Суббота,Foodmarket Тепло Черникова,82.0,155567.0,128664.0,20936.0,20392.0,0.13457867028354342,626.0,1569.0731707317073,48000.34561704024,0.37306741292856,80663.65438295976
2026-01-04,Воскресенье,Foodmarket Тепло Черникова,90.0,169043.0,138103.0,19731.0,19731.0,0.1167217808486598,636.0,1534.4777777777779,51061.69965291564,0.369736353684682,87041.30034708435
2026-01-05,Понедельник,Foodmarket Тепло Черникова,83.0,172467.0,147682.0,21089.0,21089.0,0.12227846486574243,704.0,1779.301204819277,50422.06058644127,0.34142319704799007,97259.93941355872
2026-01-06,Вторник,Foodmarket Тепло Черникова,101.0,203930.0,160091.13,28148.87,25279.87,0.13803202079144805,688.0,1585.060693069307,59492.28429205014,0.371615118789218,100598.84570794986
2026-01-07,Среда,Foodmarket Тепло Черникова,127.0,258786.0,196443.28,33178.72,27081.72,0.1282090994103236,900.0,1546.7974803149607,75154.96299897102,0.382578436885044,121288.31700102898
2026-01-08,Четверг,Foodmarket Тепло Черникова,69.0,120391.0,101247.9,13546.1,13835.1,0.1125175469927154,466.0,1467.3608695652174,34161.205858636975,0.33740162372391896,67086.69414136303
2026-01-09,Пятница,Foodmarket Тепло Черникова,90.0,156816.0,131990.55,18337.45,18337.45,0.11693609070503011,634.0,1466.5616666666665,45812.003419806046,0.34708548013328266,86178.54658019394
2026-01-10,Суббота,Foodmarket Тепло Черникова,88.0,182671.0,149319.3,24759.7,24759.7,0.1355425874933624,667.0,1696.8102272727272,54112.65863843523,0.36239560886258665,95206.64136156476
2026-01-11,Воскресенье,Foodmarket Тепло Черникова,83.0,156990.0,132924.55,22061.45,21911.45,0.1405277406204217,637.0,1601.5006024096383,46172.59718245614,0.3473594394899674,86751.95281754385
2026-01-12,Понедельник,Foodmarket Тепло Черникова,69.0,155766.0,115453.0,15589.0,14854.0,0.10007960658937123,572.0,1673.231884057971,41567.00795555556,0.3600340221177064,73885.99204444444
2026-01-13,Вторник,Foodmarket Тепло Черникова,66.0,136535.0,110407.0,21022.0,20407.0,0.15396784707217928,498.0,1672.8333333333333,41522.76050663919,0.37608811494415384,68884.2394933608
2026-01-14,Среда,Foodmarket Тепло Черникова,61.0,115862.0,100967.9,12850.1,12850.1,0.11090866720754,450.0,1655.2114754098359,33852.05733333333,0.3352754423270498,67115.84266666666
2026-01-15,Четверг,Foodmarket Тепло Черникова,73.0,159423.0,132575.4,17454.6,16704.6,0.10948608419111419,612.0,1816.1013698630136,46211.25461830627,0.3485658321099259,86364.14538169373
2026-01-16,Пятница,Foodmarket Тепло Черникова,119.0,241352.0,204983.3,27629.7,27629.7,0.11447885246445026,920.0,1722.5487394957981,71953.11470099364,0.35101939865829873,133030.18529900635
2026-01-17,Суббота,Foodmarket Тепло Черникова,125.0,244294.0,200943.2,33570.8,33570.8,0.13741966646745316,941.0,1607.5456000000001,71470.74193315019,0.35567634004609355,129472.45806684982
2026-01-18,Воскресенье,Foodmarket Тепло Черникова,73.0,142338.0,112977.75,18495.25,18495.25,0.1299389481375318,508.0,1547.640410958904,41906.71338974359,0.37092890759236746,71071.03661025641
2026-01-19,Понедельник,Foodmarket Тепло Черникова,61.0,115399.0,95591.4,15753.6,15753.6,0.13651418123207307,404.0,1567.0721311475409,33619.36081598794,0.351698592300018,61972.03918401206
2026-01-20,Вторник,Foodmarket Тепло Черникова,54.0,102950.0,90160.0,10066.0,10349.0,0.09777561923263721,368.0,1669.6296296296296,31368.391486784538,0.34791916023496605,58791.60851321546
2026-01-21,Среда,Foodmarket Тепло Черникова,55.0,97511.0,79851.0,12119.0,9204.0,0.12428341417891314,385.0,1451.8363636363636,28611.18751440695,0.3583071910734612,51239.81248559305
2026-01-22,Четверг,Foodmarket Тепло Черникова,65.0,118866.0,94928.05,19204.95,17489.95,0.16156806824491446,441.0,1460.4315384615386,34940.949278734945,0.3680782369250705,59987.10072126506
2026-01-23,Пятница,Foodmarket Тепло Черникова,98.0,205973.0,179855.0,24950.0,24950.0,0.12113238142863385,802.0,1835.2551020408164,61174.83710425768,0.3401342031317321,118680.16289574232
2026-01-24,Суббота,Foodmarket Тепло Черникова,98.0,210623.0,186144.55,22369.45,22538.21,0.10620611234290653,816.0,1899.4341836734693,61614.25066666667,0.3310021736691548,124530.29933333333
2026-01-25,Воскресенье,Foodmarket Тепло Черникова,88.0,189991.0,160516.65,20961.35,20961.35,0.11032812080572237,691.0,1824.052840909091,54654.678846999406,0.3404922719667985,105861.97115300059
2026-01-26,Понедельник,Foodmarket Тепло Черникова,61.0,124312.0,104718.0,16885.0,16885.0,0.1358275950833387,525.0,1716.688524590164,36286.05065254952,0.34651206719522454,68431.94934745049
2026-01-27,Вторник,Foodmarket Тепло Черникова,62.0,128617.0,108207.75,15410.25,15300.25,0.11981503222746605,453.0,1745.2862903225807,37891.730522656755,0.35017575471864776,70316.01947734324
2026-01-28,Среда,Foodmarket Тепло Черникова,53.0,103991.0,89824.2,11978.8,11978.8,0.1151907376599898,482.0,1694.7962264150942,31345.528729369482,0.34896529809750026,58478.67127063051
2026-01-29,Четверг,Foodmarket Тепло Черникова,72.0,127130.0,105408.5,19202.5,15678.5,0.1510461732085267,490.0,1464.0069444444443,38215.37102564103,0.3625454401271342,67193.12897435897
2026-01-30,Пятница,Foodmarket Тепло Черникова,103.0,235177.0,198098.1,28395.9,28285.9,0.12074267466631516,770.0,1923.2825242718447,63771.35302412364,0.32191804476733316,134326.74697587636
2026-01-31,Суббота,Foodmarket Тепло Черникова,109.0,219287.0,188380.65,26661.35,26661.35,0.12158199072448435,781.0,1728.2628440366973,57944.81111525974,0.3075942837826483,130435.83888474025
2026-02-01,Воскресенье,Foodmarket Тепло Черникова,74.0,161623.0,139654.0,17043.0,15567.0,0.10544910068492727,621.0,1887.2162162162163,43719.770126948766,0.3130577722582151,95934.22987305123
2026-02-02,Понедельник,Foodmarket Тепло Черникова,59.0,119940.0,94664.0,22978.0,21200.0,0.1915791228947807,402.0,1604.4745762711864,32750.284285561498,0.3459634526912184,61913.7157144385
2026-02-03,Вторник,Foodmarket Тепло Черникова,58.0,110638.0,82000.0,19337.0,16723.0,0.17477720132323432,320.0,1413.7931034482758,28906.18591453634,0.3525144623723944,53093.81408546366
2026-02-04,Среда,Foodmarket Тепло Черникова,66.0,123540.0,99095.35,17884.65,16495.65,0.14476809130645946,447.0,1501.4446969696971,33082.64236736578,0.3338465666387552,66012.70763263424
2026-02-05,Четверг,Foodmarket Тепло Черникова,55.0,115635.0,93108.3,18852.7,18852.7,0.1630362779435292,359.0,1692.878181818182,30899.9458442029,0.3318710130482771,62208.354155797104
2026-02-06,Пятница,Foodmarket Тепло Черникова,115.0,263128.0,216006.3,37911.7,36552.7,0.1440808275820133,906.0,1878.315652173913,72009.46565181232,0.3333674325786439,143996.83434818767
2026-02-07,Суббота,Foodmarket Тепло Черникова,123.0,270977.0,229417.85,32282.15,32732.15,0.11913243559416482,883.0,1865.1857723577236,72915.29198198768,0.31782745754956593,156502.55801801232
2026-02-08,Воскресенье,Foodmarket Тепло Черникова,77.0,155343.0,132572.75,19156.25,19156.25,0.1233158236933753,528.0,1721.724025974026,41413.692133938006,0.3123846501934825,91159.057866062
2026-02-09,Понедельник,Foodmarket Тепло Черникова,50.0,88102.0,72468.67,15139.33,14011.33,0.17183866427549885,354.0,1449.3734,22846.2020360235,0.31525626227200665,49622.467963976495
2026-02-10,Вторник,Foodmarket Тепло Черникова,50.0,108257.0,86144.8,17165.2,15805.2,0.15855972362064347,417.0,1722.896,28884.82170854783,0.3353054590474159,57259.97829145217
2026-02-11,Среда,Foodmarket Тепло Черникова,84.0,181721.0,102344.63,66313.37,26025.37,0.364918583983139,616.0,1218.3884523809525,46524.99847229309,0.4545914961272818,55819.631527706915
2026-02-12,Четверг,Foodmarket Тепло Черникова,58.0,127472.0,90873.3,21675.7,20376.7,0.17004283293586042,358.0,1566.7810344827587,33407.01511754386,0.3676218990346324,57466.284882456144
2026-02-13,Пятница,Foodmarket Тепло Черникова,132.0,309248.0,249271.2,45971.8,34438.8,0.14865674151490066,1113.0,1888.418181818182,82159.5063758161,0.32959887213531325,167111.6936241839
2026-02-14,Суббота,Foodmarket Тепло Черникова,187.0,401668.0,325499.0,56851.0,48773.0,0.14153728950277344,1415.0,1740.6363636363637,109695.81058894277,0.3370081339387917,215803.18941105722
2026-02-15,Воскресенье,Foodmarket Тепло Черникова,74.0,161427.0,135328.0,21018.0,19699.0,0.1302012674459663,544.0,1828.7567567567567,43149.42838217907,0.3188507063000936,92178.57161782094
2026-02-16,Понедельник,Foodmarket Тепло Черникова,45.0,107466.0,80485.0,18677.0,18677.0,0.17379450244728564,360.0,1788.5555555555557,26232.648399925118,0.3259321413918757,54252.35160007488
2026-02-17,Вторник,Foodmarket Тепло Черникова,48.0,91048.0,66015.85,18237.15,18237.15,0.2003025876460768,276.0,1375.3302083333335,23314.286847934472,0.3531619580439314,42701.56315206553
2026-02-18,Среда,Foodmarket Тепло Черникова,43.0,85506.0,70592.0,13659.0,12920.0,0.15974317591747947,276.0,1641.6744186046512,21772.021512605043,0.30842052233404693,48819.978487394954
2026-02-19,Четверг,Foodmarket Тепло Черникова,59.0,110569.0,85873.87,21532.13,20054.13,0.19473930305962794,373.0,1455.4893220338981,27877.282119191917,0.32463055547853986,57996.587880808074
2026-02-20,Пятница,Foodmarket Тепло Черникова,83.0,176988.0,149188.0,24692.0,22590.0,0.13951228331864307,580.0,1797.44578313253,47331.92844827586,0.31726364351205094,101856.07155172413
2026-02-21,Суббота,Foodmarket Тепло Черникова,95.0,210503.0,177609.6,30583.4,29723.4,0.14528724056189224,690.0,1869.5747368421053,55595.44398240166,0.3130204897843453,122014.15601759835
2026-02-22,Воскресенье,Foodmarket Тепло Черникова,77.0,163787.0,135495.0,22782.0,22782.0,0.13909528839285168,529.0,1759.6753246753246,44109.33131865722,0.32554213305773066,91385.66868134278
2026-02-23,Понедельник,Foodmarket Тепло Черникова,166.0,401408.0,327337.0,65683.0,65104.0,0.16363151705994897,1234.0,1971.9096385542168,106275.62593084123,0.3246673181792502,221061.37406915877
2026-02-24,Вторник,Foodmarket Тепло Черникова,53.0,119743.0,93424.0,19448.0,19448.0,0.16241450439691674,459.0,1762.7169811320755,29487.362304747163,0.31562941326369204,63936.63769525284
2026-02-25,Среда,Foodmarket Тепло Черникова,43.0,98461.0,72270.25,19755.75,13340.75,0.2006454332172129,358.0,1680.703488372093,25406.89675826152,0.3515540178463686,46863.353241738485
2026-02-26,Четверг,Foodmarket Тепло Черникова,46.0,98361.0,73558.5,17619.5,15920.5,0.17913095637498602,358.0,1599.0978260869565,24411.342447601848,0.331862972295545,49147.15755239815
2026-02-27,Пятница,Foodmarket Тепло Черникова,86.0,189650.0,153547.0,29535.0,29535.0,0.15573424729765356,634.0,1785.4302325581396,51116.28070777621,0.33290315478502486,102430.71929222379
2026-02-28,Суббота,Foodmarket Тепло Черникова,107.0,240850.0,199753.6,35317.4,35227.4,0.14663649574423915,840.0,1866.8560747663553,62931.52997759645,0.31504578629669977,136822.07002240355
2026-03-01,Воскресенье,Foodmarket Тепло Черникова,106.0,176827.0,142135.0,25565.0,25065.0,0.1445763373240512,635.0,1340.8962264150944,46265.87848029078,0.32550658514996855,95869.12151970921
2026-03-02,Понедельник,Foodmarket Тепло Черникова,41.0,89320.0,74127.89,14477.11,14477.11,0.16208139274518585,295.0,1807.9973170731707,23451.233076923076,0.31636180494174426,50676.656923076924
2026-03-03,Вторник,Foodmarket Тепло Черникова,51.0,119415.0,85095.0,24189.0,24768.0,0.20256249214922747,390.0,1668.5294117647059,28401.958816001632,0.33376765751221144,56693.04118399837
2026-03-04,Среда,Foodmarket Тепло Черникова,48.0,107121.0,84397.0,19499.0,17399.0,0.1820278003379356,323.0,1758.2708333333333,26361.73840909091,0.31235397477506205,58035.26159090909
2026-03-05,Четверг,Foodmarket Тепло Черникова,71.0,168446.0,108885.45,30101.55,26836.55,0.1787014829678354,607.0,1533.5978873239437,38014.70397405372,0.34912565429131004,70870.74602594628
2026-03-06,Пятница,Foodmarket Тепло Черникова,107.0,267401.0,227278.6,20118.4,20828.8,0.07523681661624303,806.0,2124.0990654205607,69363.01745866037,0.3051893907242493,157915.58254133962
2026-03-07,Суббота,Foodmarket Тепло Черникова,117.0,278263.0,205770.0,57600.0,31000.0,0.20699841516838385,950.0,1758.7179487179487,74451.9141666547,0.3618210340023069,131318.0858333453
2026-03-08,Воскресенье,Foodmarket Тепло Черникова,297.0,667592.0,502703.53,82172.47,58452.47,0.12308785905163633,2174.0,1692.6044781144783,180459.83939089187,0.35897865963044234,322243.6906091082
2026-03-09,Понедельник,Foodmarket Тепло Черникова,70.0,122354.0,96392.0,21157.0,21157.0,0.1729162920705494,421.0,1377.0285714285715,31837.930287406063,0.3302963968732474,64554.06971259393
2026-03-10,Вторник,Foodmarket Тепло Черникова,48.0,105230.0,84553.2,17593.8,17593.8,0.16719376603630143,343.0,1761.5249999999999,26426.43797385621,0.3125421388410635,58126.762026143784
2026-03-11,Среда,Foodmarket Тепло Черникова,47.0,109418.0,74645.0,26138.0,13029.0,0.23888208521449852,378.0,1588.1914893617022,26607.038059435323,0.35644769320698405,48037.96194056468
2026-03-12,Четверг,Foodmarket Тепло Черникова,70.0,154042.0,125079.75,24541.25,24541.25,0.15931531660196568,512.0,1786.8535714285715,39561.89280651985,0.3162933472965836,85517.85719348016
2026-03-13,Пятница,Foodmarket Тепло Черникова,89.0,182309.0,145108.0,26828.0,21890.0,0.14715675035242362,636.0,1630.426966292135,47725.313556640656,0.328895123333246,97382.68644335934
2026-03-14,Суббота,Foodmarket Тепло Черникова,100.0,216072.0,179664.1,29346.9,28536.9,0.13582000444296347,784.0,1796.641,55645.21711218734,0.30971806338710595,124018.88288781267
2026-03-15,Воскресенье,Foodmarket Тепло Черникова,71.0,156530.0,120457.28,26508.72,24468.72,0.16935232862710026,502.0,1696.5814084507042,39805.7415952381,0.33045525845543,80651.5384047619
2026-03-16,Понедельник,Foodmarket Тепло Черникова,50.0,124570.0,104234.0,15908.0,15908.0,0.12770329934976318,450.0,2084.68,32247.396555701947,0.3093750269173393,71986.60344429806
2026-03-17,Вторник,Foodmarket Тепло Черникова,36.0,70773.0,54868.0,12253.0,6406.0,0.17313099628389358,261.0,1524.111111111111,18989.322951257862,0.34609103578147304,35878.67704874214
2026-03-18,Среда,Foodmarket Тепло Черникова,47.0,100490.0,72845.0,20470.0,18610.0,0.20370186088167977,327.0,1549.8936170212767,24715.637443001444,0.33929078787839173,48129.36255699856
2026-03-19,Четверг,Foodmarket Тепло Черникова,50.0,116419.0,81650.7,22171.3,22061.3,0.1904439996907721,375.0,1633.014,27794.37933116883,0.3404058915743384,53856.32066883116
2026-03-20,Пятница,Foodmarket Тепло Черникова,84.0,178823.0,143693.0,24939.0,21714.0,0.13946192603859683,599.0,1710.6309523809523,47061.13853069884,0.3275116987654154,96631.86146930116
2026-03-21,Суббота,Foodmarket Тепло Черникова,90.0,181417.0,153027.85,18557.15,18557.15,0.10229002794666432,654.0,1700.3094444444446,47303.243614609404,0.3091152598341374,105724.6063853906
2026-03-22,Воскресенье,Foodmarket Тепло Черникова,56.0,118199.0,101404.0,15875.0,15875.0,0.13430739684768905,414.0,1810.7857142857142,30590.9732,0.30167422586880205,70813.02679999999
2026-03-23,Понедельник,Foodmarket Тепло Черникова,48.0,105070.0,79506.15,14368.85,14368.85,0.13675502046254878,336.0,1656.378125,25811.939967049977,0.3246533754564896,53694.21003295002
2026-03-24,Вторник,Foodmarket Тепло Черникова,46.0,119455.0,84913.0,19198.0,18578.0,0.16071323929513207,367.0,1845.9347826086957,27504.115268055863,0.3239093574370928,57408.88473194414
2026-03-25,Среда,Foodmarket Тепло Черникова,54.0,87858.0,67943.08,13282.92,13282.92,0.1511862323294407,294.0,1258.2051851851852,21861.10347932261,0.3217561446923308,46081.97652067739
2026-03-26,Четверг,Foodmarket Тепло Черникова,64.0,119435.0,96109.9,21726.1,21046.1,0.18190731360154058,399.0,1501.7171875,30647.05515935214,0.31887511233860555,65462.84484064786
2026-03-27,Пятница,Foodmarket Тепло Черникова,98.0,189527.0,157048.0,28569.0,28370.0,0.1507384172175996,597.0,1602.530612244898,49574.87083880151,0.31566699887169214,107473.12916119849
2026-03-28,Суббота,Foodmarket Тепло Черникова,119.0,264817.0,224008.75,37516.25,33198.25,0.14166858623124648,921.0,1882.4264705882354,69612.610842508,0.3107584451165769,154396.139157492
2026-03-29,Воскресенье,Foodmarket Тепло Черникова,60.0,131039.0,109687.55,16856.45,16686.45,0.12863689435969444,434.0,1828.1258333333333,34651.90254360772,0.31591463701767175,75035.64745639228
2026-03-30,Понедельник,Foodmarket Тепло Черникова,55.0,129976.0,92026.0,21669.0,21579.0,0.16671539361112822,434.0,1673.2,31088.73024044292,0.337825508448079,60937.26975955708
2026-03-31,Вторник,Foodmarket Тепло Черникова,65.0,175110.0,127278.0,32478.0,27993.0,0.1854719890354634,616.0,1958.123076923077,42835.227827624614,0.33654856163378283,84442.77217237538
2026-04-01,Среда,Foodmarket Тепло Черникова,59.0,146899.0,89558.3,27394.7,27733.7,0.18648663367347634,453.0,1517.9372881355932,36324.974831807085,0.40560143316484437,53233.32516819292
2026-04-02,Четверг,Foodmarket Тепло Черникова,53.0,98698.0,74770.65,22298.35,22862.35,0.2259250440738414,350.0,1410.7669811320754,25481.422208333333,0.3407944455255282,49289.227791666664
2026-04-03,Пятница,Foodmarket Тепло Черникова,88.0,182863.0,150293.0,28391.0,28391.0,0.15525830813231764,605.0,1707.875,48107.94459032545,0.320094379580722,102185.05540967455
2026-04-04,Суббота,Foodmarket Тепло Черникова,83.0,168407.0,123601.65,29810.35,32937.35,0.17701372270748839,551.0,1489.1765060240964,42910.19988188478,0.34716526746920273,80691.45011811522
2026-04-05,Воскресенье,Foodmarket Тепло Черникова,60.0,124384.0,99591.3,23423.7,18001.7,0.18831762927707743,454.0,1659.855,32836.40718467348,0.32971160316888604,66754.89281532652
2026-04-06,Понедельник,Foodmarket Тепло Черникова,43.0,96123.0,71691.8,16685.2,12976.2,0.1735817650302217,341.0,1667.2511627906977,24375.02725252525,0.339997423031996,47316.77274747475
2026-04-07,Вторник,Foodmarket Тепло Черникова,50.0,105426.0,84618.38,18642.62,18590.62,0.17683133192950504,372.0,1692.3676,26788.776,0.31658341840153403,57829.60400000001
2026-04-08,Среда,Foodmarket Тепло Черникова,45.0,89810.0,65269.5,19414.5,12964.5,0.2161730319563523,312.0,1450.4333333333334,22275.763055278054,0.34128901026173103,42993.736944721946
2026-04-09,Четверг,Foodmarket Тепло Черникова,50.0,106640.0,89004.15,17285.85,17285.85,0.16209536759189797,348.0,1780.0829999999999,26524.12714285714,0.29801000450942056,62480.02285714285
2026-04-10,Пятница,Foodmarket Тепло Черникова,79.0,173606.0,146116.0,21794.0,21659.0,0.12553713581327836,593.0,1849.5696202531647,45881.550598627786,0.3140077103029633,100234.44940137221
2026-04-11,Суббота,Foodmarket Тепло Черникова,62.0,139880.0,114478.0,21122.0,21122.0,0.1510008578781813,474.0,1846.4193548387098,36763.10777976191,0.32113688027185927,77714.89222023809
2026-04-12,Воскресенье,Foodmarket Тепло Черникова,65.0,165316.0,139383.0,22631.0,22586.0,0.13689540032422753,513.0,2144.353846153846,43406.72599913942,0.31142051756053046,95976.27400086058
2026-04-13,Понедельник,Foodmarket Тепло Черникова,59.0,109547.0,81552.86,23097.14,22118.14,0.2108422868723014,351.0,1382.2518644067798,26912.93915151515,0.33000607399317633,54639.92084848485
2026-04-14,Вторник,Foodmarket Тепло Черникова,63.0,126150.0,99314.1,23583.9,23823.9,0.1869512485136742,406.0,1576.4142857142858,32705.90378389007,0.32931782882682387,66608.19621610994
2026-04-15,Среда,Foodmarket Тепло Черникова,58.0,137745.0,107637.0,29636.0,25708.0,0.21515118516098589,460.0,1855.8103448275863,35064.46358168148,0.32576589445712417,72572.53641831852
2026-04-16,Четверг,Foodmarket Тепло Черникова,61.0,151522.0,112790.8,29784.2,27812.2,0.1965668351790499,490.0,1849.0295081967213,38222.9751736303,0.33888380234585,74567.8248263697
2026-04-17,Пятница,Foodmarket Тепло Черникова,91.0,203298.0,172730.09,26191.91,26061.91,0.12883505986286142,650.0,1898.1328571428571,53769.91604566703,0.31129443657249894,118960.17395433297
2026-04-18,Суббота,Foodmarket Тепло Черникова,84.0,177381.0,147013.74,26697.26,22663.26,0.15050800254818722,621.0,1750.1635714285712,45497.90738869862,0.3094806471061727,101515.83261130136
2026-04-19,Воскресенье,Foodmarket Тепло Черникова,63.0,133135.0,106119.0,19280.0,19280.0,0.1448154129267285,445.0,1684.4285714285713,33699.67258366997,0.31756492789858526,72419.32741633002
2026-04-20,Понедельник,Foodmarket Тепло Черникова,54.0,113505.0,90276.1,22544.9,20274.9,0.19862473018809745,327.0,1671.7796296296297,28927.41284849906,0.320432682055373,61348.68715150094
2026-04-21,Вторник,Foodmarket Тепло Черникова,53.0,104960.0,81866.1,21005.9,20815.9,0.20013243140243903,328.0,1544.6433962264152,26223.580576341647,0.3203228268641311,55642.51942365836
2026-04-22,Среда,Foodmarket Тепло Черникова,64.0,136198.0,98318.3,21897.7,20108.7,0.1607784255275408,441.0,1536.2234375,33606.09038212553,0.34180910758348676,64712.209617874476
2026-04-23,Четверг,Foodmarket Тепло Черникова,62.0,137198.0,76460.1,15796.9,15441.9,0.11513943351943906,508.0,1233.2274193548387,31480.938492979243,0.4117302814537156,44979.16150702076
2026-04-24,Пятница,Foodmarket Тепло Черникова,86.0,169593.0,144699.0,22981.0,22316.0,0.1355067720955464,589.0,1682.546511627907,45134.287197359736,0.3119184458590573,99564.71280264026
2026-04-25,Суббота,Foodmarket Тепло Черникова,97.0,220961.0,187435.09,28778.91,26903.91,0.13024429650481306,796.0,1932.3205154639174,56725.19998883228,0.3026391695857605,130709.8900111677
2026-04-26,Воскресенье,Foodmarket Тепло Черникова,65.0,143568.0,119467.25,18462.75,18462.75,0.12859933968572385,487.0,1837.9576923076922,37291.36479215686,0.3121471766710698,82175.88520784314
2026-04-27,Понедельник,Foodmarket Тепло Черникова,59.0,144537.0,117268.05,23806.95,23227.95,0.16471180389796386,523.0,1987.5940677966103,36264.37043115942,0.309243399469501,81003.67956884058
2026-04-28,Вторник,Foodmarket Тепло Черникова,60.0,125053.0,95347.0,20631.0,20831.0,0.16497804930709378,378.0,1589.1166666666666,31474.576079165716,0.33010557310839056,63872.423920834284
2026-04-29,Среда,Foodmarket Тепло Черникова,50.0,116739.0,90935.0,18631.0,17590.0,0.15959533660559025,355.0,1818.7,28486.35628866681,0.31326063989296543,62448.64371133319
2026-04-30,Четверг,Foodmarket Тепло Черникова,91.0,191529.0,148539.0,24701.0,24416.0,0.12896741485623586,662.0,1632.2967032967033,48490.91415779994,0.3264524075010599,100048.08584220006
2026-05-01,Пятница,Foodmarket Тепло Черникова,114.0,240216.0,186886.0,41971.0,42360.0,0.1747219169414194,793.0,1639.3508771929824,59708.0280846764,0.3194890365499631,127177.97191532361
2026-05-02,Суббота,Foodmarket Тепло Черникова,81.0,153620.0,129168.0,21398.0,21023.0,0.13929175888556178,544.0,1594.6666666666667,38686.81483417769,0.29950773282994003,90481.1851658223
2026-05-03,Воскресенье,Foodmarket Тепло Черникова,56.0,109158.0,90452.4,15688.6,15688.6,0.14372377654409205,353.0,1615.2214285714285,27689.58611330698,0.30612328819696305,62762.81388669301
2026-05-04,Понедельник,Foodmarket Тепло Черникова,62.0,126272.0,98356.0,16959.0,16959.0,0.13430530917384692,468.0,1586.3870967741937,31352.03456046726,0.31876077270799197,67003.96543953274
2026-05-05,Вторник,Foodmarket Тепло Черникова,65.0,139880.0,106563.94,18776.06,18776.06,0.13422976837289105,506.0,1639.4452307692309,34475.22898753783,0.3235168386936315,72088.71101246218
2026-05-06,Среда,Foodmarket Тепло Черникова,54.0,131226.0,97600.2,25477.8,23798.8,0.19415207352201544,396.0,1807.411111111111,31343.61953968254,0.3211429847447294,66256.58046031746
2026-05-07,Четверг,Foodmarket Тепло Черникова,50.0,97203.0,75658.4,18045.6,17865.6,0.1856485910928675,376.0,1513.168,25896.43315151515,0.3422810045086223,49761.966848484844
2026-05-08,Пятница,Foodmarket Тепло Черникова,79.0,168195.0,130279.52,31960.48,32316.48,0.1900203929962246,563.0,1649.107848101266,44270.47746629287,0.3398114873795426,86009.04253370714
2026-05-09,Суббота,Foodmarket Тепло Черникова,108.0,245953.0,197536.95,40657.05,33262.05,0.1653041434745663,772.0,1829.0458333333333,66692.08930156802,0.3376183002803679,130844.86069843199
2026-05-10,Воскресенье,Foodmarket Тепло Черникова,76.0,173646.0,147099.65,21579.35,21000.35,0.12427208228234453,581.0,1935.5217105263157,45884.70304972659,0.3119293829028593,101214.94695027341
2026-05-11,Понедельник,Foodmarket Тепло Черникова,66.0,152247.0,121651.2,26648.8,27327.8,0.17503661812712237,525.0,1843.2,40507.22469715578,0.3329784227130993,81143.97530284422
2026-05-12,Вторник,Foodmarket Тепло Черникова,55.0,121173.0,90550.0,20359.0,20354.0,0.1680159771566273,381.0,1646.3636363636363,31234.95613066529,0.344947058317673,59315.04386933471
2026-05-13,Среда,Foodmarket Тепло Черникова,52.0,108202.0,86433.0,16340.0,16340.0,0.15101384447607252,372.0,1662.173076923077,27917.04124528808,0.32299053886001966,58515.958754711915
2026-05-14,Четверг,Foodmarket Тепло Черникова,61.0,117441.0,89333.0,19196.0,19196.0,0.16345228668012024,395.0,1464.4754098360656,28986.655520265966,0.3244786979085664,60346.344479734034
2026-05-15,Пятница,Foodmarket Тепло Черникова,100.0,198781.0,159098.75,31126.25,26282.25,0.15658563947258541,695.0,1590.9875,52627.7685469315,0.3307868135163318,106470.9814530685
2026-05-16,Суббота,Foodmarket Тепло Черникова,78.0,172570.0,143653.0,22908.0,21365.0,0.13274613200440402,601.0,1841.7051282051282,47713.54149655804,0.3321444139458142,95939.45850344196
2026-05-17,Воскресенье,Foodmarket Тепло Черникова,72.0,152162.0,132162.5,18799.5,18799.5,0.12354924356935372,553.0,1835.5902777777778,41299.726330680816,0.3124920180132853,90862.77366931918
