,,,
,,,
,,,
,"Предоставляем финансового директора, который выстроит 
управленческий учет и возьмет процессы под контроль",,
,,,
,Инструкция по этому шаблону,,
,Смотреть инструкцию по настройке Отчёта ДДС,,
,,,
,Наши продукты,,
,Финансовый директор на аутсорсе,,
,Финансовая модель,,
,Практикум «Порядок в Финансах»,,
,,,
,Мы в соцсетях,,
,,,
,,,
,YouTube,Телеграм,Вконтакте
,,,
,,,
,Наша полезная Газета,,
,,,Газета
,,,
,На связи,,
,[private_email_hash:110a156cf4],,[private_numeric_id_hash:4672accca2]
