 Регистрация категорий,,,,,Особоые условия по депозитам (Для внештатников проставь НУЛИ),,,,Выдача депозитов,,,,Регистрация вступления в должность старших поваров,,,,Регистрация штрафов и премий,,,,
Дата постановки на категорию,Имя сотрудника,Должность,Категория,,Имя сотрудника,Требуемый депозит (указать при особых условиях),Сумма удержания (указать при особых условиях),,Имя сотрудника,Депозит при уволнении,Коэффициент выдачи ,,Дата вступления в должность,Имя сотрудника,Надбавка,,Дата,Имя сотрудника,Сумма,Вид начисления/списания,[redacted_comment]
13.08.2024,employee_b3338b123c,Администратор,2,,employee_62c77ec038,0,0,,employee_445cbb2a20,Выдать,100%,,13.08.2024,employee_e0b9462a9d,Зам,,03.05.2025,employee_b20c9e8ecf,1000,Штрафы и удержания,[redacted_comment]
13.08.2024,employee_51247484d7,Администратор,2,,employee_f2a23819d8,7000,2000,,employee_4937b66146,Не выдавать,100%,,14.08.2024,employee_e0b9462a9d,Снят с должности,,02.05.2025,employee_3fa5f3a2b5,500,Премия,[redacted_comment]
13.08.2024,employee_908545f9b4,Пиццерист,3,,employee_eff4f87fa3,7000,2000,,employee_5a3e1adb3f,Выдать,100%,,15.08.2024,employee_3a96201e66,Зам,,03.05.2025,employee_3fa5f3a2b5,500,Премия,[redacted_comment]
13.08.2024,employee_8b0eb48cc4,Шаурмист,3,,employee_035a618100,10000,2000,,employee_b16f896b29,Выдать,100%,,03.09.2024,employee_3a96201e66,Снят с должности,,02.05.2025,employee_7448260c20,300,Штрафы и удержания,[redacted_comment]
13.08.2024,employee_82ceca1c22,Администратор,3,,employee_44aa735d3b,10000,2000,,employee_1817e861dd,Не выдавать,100%,,04.09.2024,employee_3a96201e66,Старший,,04.05.2025,employee_5a3e1adb3f,116,Штрафы и удержания,[redacted_comment]
13.08.2024,employee_2dcfa0649d,Администратор,3,,employee_b0e5843216,15000,2000,,employee_ad25f93d9f,Не выдавать,100%,,30.08.2024,employee_7448260c20,Зам,,06.05.2025,employee_9747b9d844,300,Премия,[redacted_comment]
13.08.2024,employee_47a96f6744,Сушист,3,,employee_7ae55ec1c8,10000,2000,,employee_a43b07b2aa,Выдать,"100,00%",,18.09.2024,employee_7448260c20,Снят с должности,,06.05.2025,employee_3fa5f3a2b5,800,Премия,[redacted_comment]
13.08.2024,employee_47a96f6744,Пиццерист,3,,,,,,employee_5f85335cf4,Не выдавать,"100,00%",,18.09.2024,employee_3fa5f3a2b5,Зам,,07.05.2025,employee_1570ccae80,2000,Штрафы и удержания,[redacted_comment]
13.08.2024,employee_e0b9462a9d,Пиццерист,1,,,,,,employee_ac996276a1,Выдать,"100,00%",,22.10.2024,employee_3fa5f3a2b5,Снят с должности,,07.05.2025,employee_3fa5f3a2b5,800,Премия,[redacted_comment]
13.08.2024,employee_e0b9462a9d,Шаурмист,3,,,,,,employee_86c0d0bb22,Выдать,"100,00%",,23.10.2024,employee_9747b9d844,Зам,,08.05.2025,employee_1570ccae80,429,Штрафы и удержания,[redacted_comment]
13.08.2024,employee_9747b9d844,Пиццерист,3,,,,,,employee_3fa5f3a2b5,Выдать,"100,00%",,12.11.2024,employee_9747b9d844,Снят с должности,,10.05.2025,employee_5a3e1adb3f,189,Штрафы и удержания,[redacted_comment]
13.08.2024,employee_9747b9d844,Сушист,3,,,,,,employee_9594b695e2,Не выдавать,"100,00%",,13.11.2024,employee_29a552452c,Зам,,10.05.2025,employee_abf859686b,272,Штрафы и удержания,[redacted_comment]
13.08.2024,employee_62c77ec038,Сушист,1,,,,,,employee_1bd2e1ad1c,Выдать,"100,00%",,18.12.2024,employee_29a552452c,Снят с должности,,12.05.2025,employee_3c4a629691,300,Премия,[redacted_comment]
13.08.2024,employee_3fa5f3a2b5,Сушист,1,,,,,,employee_c82e1942fd,Выдать,"100,00%",,05.02.2025,employee_b5882a32e7,Зам,,13.05.2025,employee_3fa5f3a2b5,300,Премия,[redacted_comment]
13.08.2024,employee_8a808b8628,Сушист,6,,,,,,employee_f07b0e77a2,Выдать,"100,00%",,12.03.2025,employee_b5882a32e7,Снят с должности,,13.05.2025,employee_7448260c20,500,Премия,[redacted_comment]
13.08.2024,employee_83dd275d59,Сушист,4,,,,,,,,,,12.03.2025,employee_3c4a629691,Зам,,10.05.2025,employee_8b0eb48cc4,1000,Премия,[redacted_comment]
13.08.2024,employee_abc3bb071c,Пиццерист,4,,,,,,employee_abf859686b,Выдать,"100,00%",,06.05.2025,employee_3a96201e66,Снят с должности,,13.05.2025,employee_51247484d7,500,Премия,[redacted_comment]
13.08.2024,employee_7a26741430,Шаурмист,4,,,,,,employee_64c46f16b7,Не выдавать,"100,00%",,21.05.2025,employee_3c4a629691,Снят с должности,,14.05.2025,employee_b20c9e8ecf,500,Премия,[redacted_comment]
13.08.2024,employee_3a96201e66,Сушист,2,,,,,,employee_924cd1265f,Не выдавать,"100,00%",,21.05.2025,employee_3fa5f3a2b5,Зам,,14.05.2025,employee_908545f9b4,300,Премия,[redacted_comment]
13.08.2024,employee_9be0f94e4e,Пиццерист,4,,,,,,employee_5f0f16a52b,Выдать,"100,00%",,04.06.2025,employee_abf859686b,Старший,,15.05.2025,employee_abf859686b,300,Премия,[redacted_comment]
13.08.2024,employee_9be0f94e4e,Сушист,4,,,,,,employee_035a618100,Не выдавать,"100,00%",,21.06.2025,employee_3fa5f3a2b5,Снят с должности,,16.05.2025,employee_7448260c20,300,Штрафы и удержания,[redacted_comment]
13.08.2024,employee_e0b9462a9d,Сушист,2,,,,,,employee_51247484d7,Выдать,"100,00%",,01.07.2025,employee_7448260c20,Зам,,16.05.2025,employee_3fa5f3a2b5,300,Штрафы и удержания,[redacted_comment]
18.08.2024,employee_7448260c20,Сушист,2,,,,,,employee_53a5b186a9,Выдать,"100,00%",,12.08.2025,employee_7448260c20,Снят с должности,,16.05.2025,employee_3c4a629691,300,Штрафы и удержания,[redacted_comment]
23.08.2024,employee_21bfc5e63e,Сушист,6,,,,,,employee_53a5b186a9,Выдать,"100,00%",,19.08.2025,employee_3c4a629691,Зам,,16.05.2025,employee_9747b9d844,300,Штрафы и удержания,[redacted_comment]
22.08.2024,employee_91a178f22a,Сушист,4,,,,,,employee_b0e5843216,Выдать,"100,00%",,06.11.2025,employee_3c4a629691,Снят с должности,,13.05.2025,employee_b20c9e8ecf,195,Штрафы и удержания,[redacted_comment]
27.08.2024,employee_9747b9d844,Пиццерист,2,,,,,,,,,,03.12.2025,employee_c82e1942fd,Зам,,17.05.2025,employee_1af5d335a2,113,Штрафы и удержания,[redacted_comment]
04.09.2024,employee_3a96201e66,Сушист,1,,,,,,,,,,15.01.2026,employee_c82e1942fd,Снят с должности,,20.05.2025,employee_7448260c20,800,Премия,[redacted_comment]
04.09.2024,employee_3fa5f3a2b5,Сушист,2,,,,,,,,,,21.01.2026,employee_64c46f16b7,Зам,,19.05.2025,employee_b3338b123c,100,Премия,[redacted_comment]
04.09.2024,employee_908545f9b4,Пиццерист,2,,,,,,,,,,16.02.2026,employee_abf859686b,Снят с должности,,19.05.2025,employee_2dcfa0649d,100,Премия,[redacted_comment]
06.09.2024,employee_628e0b2d4f,Сушист,4,,,,,,,,,,04.03.2026,employee_64c46f16b7,Снят с должности,,20.05.2025,employee_908545f9b4,300,Премия,[redacted_comment]
10.09.2024,employee_91a178f22a,Шаурмист,4,,,,,,,,,,05.03.2026,employee_3c4a629691,Зам,,20.05.2025,employee_b20c9e8ecf,700,Премия,[redacted_comment]
25.09.2024,employee_47a96f6744,Пиццерист,2,,,,,,,,,,12.05.2026,employee_15b9fd024a,Старший,,21.05.2025,employee_7448260c20,1300,Премия,[redacted_comment]
17.09.2024,employee_7448260c20,Сушист,1,,,,,,,,,,,,,,21.05.2025,employee_1af5d335a2,500,Премия,[redacted_comment]
12.09.2024,employee_52ff0a3d56,Сушист,6,,,,,,,,,,,,,,22.05.2025,employee_3fa5f3a2b5,200,Премия,[redacted_comment]
17.09.2024,employee_06b27c0309,Сушист,6,,,,,,,,,,,,,,23.05.2025,employee_3c4a629691,200,Премия,[redacted_comment]
18.09.2024,employee_62c77ec038,Пиццерист,1,,,,,,,,,,,,,,24.05.2025,employee_7448260c20,878,Удержание НДФЛ,
22.09.2024,employee_5de506f887,Сушист,5,,,,,,,,,,,,,,24.05.2025,employee_3fa5f3a2b5,200,Премия,[redacted_comment]
22.09.2024,employee_7e1cd53128,Пиццерист,5,,,,,,,,,,,,,,24.05.2025,employee_3c4a629691,300,Премия,[redacted_comment]
26.09.2024,employee_842d69f282,Пиццерист,5,,,,,,,,,,,,,,24.05.2025,employee_908545f9b4,300,Премия,[redacted_comment]
01.10.2024,employee_3a411cd9d2,Пиццерист,5,,,,,,,,,,,,,,24.05.2025,employee_abf859686b,200,Премия,[redacted_comment]
03.10.2024,employee_e2fdeb383b,Сушист,6,,,,,,,,,,,,,,,,,,
02.10.2024,employee_3a411cd9d2,Сушист,5,,,,,,,,,,,,,,27.05.2025,employee_3fa5f3a2b5,196,Штрафы и удержания,[redacted_comment]
03.10.2024,employee_62c77ec038,Шаурмист,3,,,,,,,,,,,,,,21.05.2025,employee_7448260c20,45,Штрафы и удержания,[redacted_comment]
26.09.2024,employee_842d69f282,Сушист,5,,,,,,,,,,,,,,22.05.2025,employee_445cbb2a20,147,Штрафы и удержания,[redacted_comment]
13.10.2024,employee_29a552452c,Сушист,2,,,,,,,,,,,,,,27.05.2025,employee_5a3e1adb3f,500,Премия,[redacted_comment]
21.10.2024,employee_29a552452c,Заготовщик,5,,,,,,,,,,,,,,28.05.2025,employee_9747b9d844,500,Премия,[redacted_comment]
30.10.2024,employee_842d69f282,Пиццерист,3,,,,,,,,,,,,,,29.05.2025,employee_445cbb2a20,200,Премия,[redacted_comment]
30.10.2024,employee_3a411cd9d2,Сушист,3,,,,,,,,,,,,,,29.05.2025,employee_7448260c20,200,Премия,[redacted_comment]
04.11.2024,employee_5a3e1adb3f,Пиццерист,5,,,,,,,,,,,,,,29.05.2025,employee_abf859686b,200,Премия,[redacted_comment]
04.11.2024,employee_7448260c20,Заготовщик,5,,,,,,,,,,,,,,28.05.2025,employee_7448260c20,765,Штрафы и удержания,[redacted_comment]
13.11.2024,employee_29a552452c,Сушист,1,,,,,,,,,,,,,,28.05.2025,employee_3fa5f3a2b5,765,Штрафы и удержания,[redacted_comment]
08.11.2024,employee_1570ccae80,Пиццерист,5,,,,,,,,,,,,,,28.05.2025,employee_9747b9d844,200,Штрафы и удержания,[redacted_comment]
14.11.2024,employee_133a7aeb63,Сушист,2,,,,,,,,,,,,,,28.05.2025,employee_abf859686b,200,Штрафы и удержания,[redacted_comment]
14.11.2024,employee_133a7aeb63,Пиццерист,2,,,,,,,,,,,,,,28.05.2025,employee_3c4a629691,163,Штрафы и удержания,[redacted_comment]
20.11.2024,employee_133a7aeb63,Сушист,1,,,,,,,,,,,,,,29.05.2025,employee_9747b9d844,107,Штрафы и удержания,[redacted_comment]
27.11.2024,employee_5a3e1adb3f,Пиццерист,3,,,,,,,,,,,,,,30.05.2025,employee_7448260c20,217,Штрафы и удержания,[redacted_comment]
02.12.2024,employee_91a178f22a,Заготовщик,5,,,,,,,,,,,,,,01.06.2025,employee_b20c9e8ecf,50,Штрафы и удержания,[redacted_comment]
02.12.2024,employee_8b0eb48cc4,Заготовщик,5,,,,,,,,,,,,,,01.06.2025,employee_dfa826d51c,3300,Премия,[redacted_comment]
11.12.2024,employee_842d69f282,Пиццерист,2,,,,,,,,,,,,,,04.06.2025,employee_9747b9d844,800,Штрафы и удержания,[redacted_comment]
25.12.2024,employee_9747b9d844,Пиццерист,1,,,,,,,,,,,,,,04.06.2025,employee_3fa5f3a2b5,785,Штрафы и удержания,[redacted_comment]
08.01.2025,employee_3fa5f3a2b5,Сушист,1,,,,,,,,,,,,,,04.06.2025,employee_7448260c20,785,Штрафы и удержания,[redacted_comment]
27.12.2024,employee_b5882a32e7,Сушист,6,,,,,,,,,,,,,,04.06.2025,employee_abf859686b,1400,Штрафы и удержания,[redacted_comment]
10.01.2025,employee_3c4a629691,Пиццерист,1,,,,,,,,,,,,,,05.06.2025,employee_908545f9b4,250,Премия,[redacted_comment]
08.01.2025,employee_b5882a32e7,Сушист,2,,,,,,,,,,,,,,05.06.2025,employee_3c4a629691,250,Премия,[redacted_comment]
08.01.2025,employee_1570ccae80,Шаурмист,4,,,,,,,,,,,,,,05.06.2025,employee_9747b9d844,493,Штрафы и удержания,[redacted_comment]
23.01.2025,employee_abbce1b7b8,Сушист,6,,,,,,,,,,,,,,05.06.2025,employee_908545f9b4,122,Штрафы и удержания,[redacted_comment]
23.01.2025,employee_3a96201e66,Пиццерист,1,,,,,,,,,,,,,,05.06.2025,employee_e8704c7b8f,192,Штрафы и удержания,[redacted_comment]
28.01.2025,employee_a14ab1c5e9,Сушист,5,,,,,,,,,,,,,,07.06.2025,employee_445cbb2a20,45,Штрафы и удержания,[redacted_comment]
12.02.2025,employee_1570ccae80,Пиццерист,3,,,,,,,,,,,,,,09.06.2025,employee_abf859686b,500,Премия,[redacted_comment]
05.02.2025,employee_0d69a79a1b,Сушист,5,,,,,,,,,,,,,,09.06.2025,employee_3c4a629691,500,Премия,[redacted_comment]
12.02.2025,employee_5a3e1adb3f,Пиццерист,2,,,,,,,,,,,,,,09.06.2025,employee_445cbb2a20,700,Премия,[redacted_comment]
20.02.2025,employee_62c77ec038,Заготовщик,5,,,,,,,,,,,,,,06.06.2025,employee_dfa826d51c,3500,Премия,[redacted_comment]
25.02.2025,employee_b20c9e8ecf,Сушист,5,,,,,,,,,,,,,,07.06.2025,employee_dfa826d51c,3500,Премия,[redacted_comment]
27.02.2025,employee_f263eb2cbd,Сушист,5,,,,,,,,,,,,,,11.06.2025,employee_7448260c20,700,Премия,[redacted_comment]
05.03.2025,employee_b20c9e8ecf,Сушист,3,,,,,,,,,,,,,,11.06.2025,employee_abf859686b,700,Премия,[redacted_comment]
06.03.2025,employee_b66d18b5be,Сушист,5,,,,,,,,,,,,,,13.06.2025,employee_3fa5f3a2b5,250,Премия,[redacted_comment]
20.03.2025,employee_1af5d335a2,Сушист,5,,,,,,,,,,,,,,10.06.2025,employee_3fa5f3a2b5,30,Штрафы и удержания,[redacted_comment]
30.03.2025,employee_b20c9e8ecf,Сушист,3,,,,,,,,,,,,,,15.06.,employee_3c4a629691,165,Штрафы и удержания,[redacted_comment]
16.04.2025,employee_1af5d335a2,Сушист,3,,,,,,,,,,,,,,16.06.2025,employee_abf859686b,500,Премия,[redacted_comment]
06.05.2025,employee_abf859686b,Сушист,2,,,,,,,,,,,,,,16.06.2025,employee_65a7591211,500,Премия,[redacted_comment]
10.05.2025,employee_445cbb2a20,Шаурмист,4,,,,,,,,,,,,,,10.06.2025,employee_e2dfd4294b,2000,Премия,[redacted_comment]
21.05.2025,employee_abf859686b,Сушист,1,,,,,,,,,,,,,,17.06.2025,employee_7448260c20,500,Премия,[redacted_comment]
24.05.2025,employee_e8704c7b8f,Пиццерист,5,,,,,,,,,,,,,,17.06.2025,employee_3fa5f3a2b5,500,Премия,[redacted_comment]
27.05.2025,employee_445cbb2a20,Сушист,5,,,,,,,,,,,,,,19.06.2025,employee_7448260c20,877,Удержание НДФЛ,[redacted_comment]
01.06.2025,employee_a321587054,Сушист,6,,,,,,,,,,,,,,07.07.2025,employee_7448260c20,1755,Удержание НДФЛ,[redacted_comment]
01.06.2025,employee_dfa826d51c,Сушист,6,,,,,,,,,,,,,,18.06.2025,employee_abf859686b,500,Премия,[redacted_comment]
6/9/2025,employee_e2dfd4294b,Администратор,4,,,,,,,,,,,,,,18.06.2025,employee_3fa5f3a2b5,500,Премия,[redacted_comment]
6/13/2025,employee_65a7591211,Пиццерист,2,,,,,,,,,,,,,,19.06.2025,employee_9747b9d844,500,Премия,[redacted_comment]
6/13/2025,employee_65a7591211,Сушист,2,,,,,,,,,,,,,,20.06.2025,employee_8b0eb48cc4,500,Премия,[redacted_comment]
6/18/2025,employee_445cbb2a20,Шаурмист,3,,,,,,,,,,,,,,20.06.2025,employee_3c4a629691,800,Премия,[redacted_comment]
19.06.2025,employee_3d6ad4e01f,Пиццерист,5,,,,,,,,,,,,,,21.06.2025,employee_3c4a629691,500,Премия,[redacted_comment]
02.07.2025,employee_445cbb2a20,Сушист,3,,,,,,,,,,,,,,23.06.2025,employee_7448260c20,300,Премия,[redacted_comment]
02.07.2025,employee_2dcfa0649d,Администратор,2,,,,,,,,,,,,,,23.06.2025,employee_908545f9b4,300,Премия,[redacted_comment]
03.07.2025,employee_5a3e1adb3f,Пиццерист,2,,,,,,,,,,,,,,17.06.2025,employee_9747b9d844,127,Штрафы и удержания,[redacted_comment]
04.07.2025,employee_6893634fa4,Шаурмист,5,,,,,,,,,,,,,,18.06.2025,employee_9747b9d844,32,Штрафы и удержания,[redacted_comment]
14.07.2025,employee_61b8f428c3,Сушист,5,,,,,,,,,,,,,,18.06.2025,employee_7448260c20,"86,61",Штрафы и удержания,[redacted_comment]
16.07.2025,employee_3a10af3781,Администратор,4,,,,,,,,,,,,,,18.06.2025,employee_3fa5f3a2b5,"107,16",Штрафы и удержания,[redacted_comment]
18.07.2025,employee_a43b07b2aa,Сушист,2,,,,,,,,,,,,,,20.06.2025,employee_abf859686b,"356,64",Штрафы и удержания,[redacted_comment]
15.07.2025,employee_ac996276a1,Сушист,5,,,,,,,,,,,,,,22.06.2025,employee_445cbb2a20,"44,56",Штрафы и удержания,[redacted_comment]
01.08.2025,employee_49edfc8fac,Шаурмист,5,,,,,,,,,,,,,,25.06.2025,employee_3fa5f3a2b5,300,Премия,[redacted_comment]
13.08.2025,employee_b16f896b29,Сушист,2,,,,,,,,,,,,,,24.06.2025,employee_abf859686b,500,Премия,[redacted_comment]
19.08.2025,employee_ac996276a1,Шаурмист,3,,,,,,,,,,,,,,24.06.2025,employee_908545f9b4,500,Премия,[redacted_comment]
04.09.2025,employee_3fa5f3a2b5,Сушист,1,,,,,,,,,,,,,,25.06.2025,employee_3c4a629691,500,Премия,[redacted_comment]
30.08.2025,employee_1817e861dd,Пиццерист,5,,,,,,,,,,,,,,26.06.2025,employee_dfa826d51c,3500,Премия,[redacted_comment]
30.08.2025,employee_4937b66146,Сушист,5,,,,,,,,,,,,,,30.06.2025,employee_b3338b123c,300,Штрафы и удержания,[redacted_comment]
27.08.2025,employee_10202feb39,Администратор,4,,,,,,,,,,,,,,30.06.2025,employee_51247484d7,300,Штрафы и удержания,[redacted_comment]
02.09.2025,employee_b16f896b29,Сушист,1,,,,,,,,,,,,,,30.06.2025,employee_abf859686b,3000,Премия,[redacted_comment]
06.09.2025,employee_ad25f93d9f,Администратор,4,,,,,,,,,,,,,,29.06.2025,employee_3c4a629691,500,Премия,[redacted_comment]
22.09.2025,employee_1bd2e1ad1c,Сушист,3,,,,,,,,,,,,,,01.07.2025,employee_908545f9b4,1000,Премия,[redacted_comment]
30.09.2025,employee_1bd2e1ad1c,Сушист,2,,,,,,,,,,,,,,01.07.2025,employee_3fa5f3a2b5,500,Штрафы и удержания,[redacted_comment]
26.09.2025,employee_44aa735d3b,Шаурмист,5,,,,,,,,,,,,,,01.07.2025,employee_7448260c20,500,Премия,[redacted_comment]
29.09.2025,employee_c82e1942fd,Сушист,5,,,,,,,,,,,,,,01.07.2025,employee_3fa5f3a2b5,500,Премия,[redacted_comment]
29.09.2025,employee_161660500e,Пиццерист,2,,,,,,,,,,,,,,01.07.2025,employee_445cbb2a20,200,Премия,[redacted_comment]
03.10.2025,employee_f420556a57,Пиццерист,5,,,,,,,,,,,,,,02.07.2025,employee_445cbb2a20,200,Премия,[redacted_comment]
05.10.2025,employee_a285bf7cad,Администратор,4,,,,,,,,,,,,,,02.07.2025,employee_7448260c20,500,Премия,[redacted_comment]
22.10.2025,employee_c82e1942fd,Сушист,3,,,,,,,,,,,,,,02.07.2025,employee_3fa5f3a2b5,500,Премия,[redacted_comment]
22.10.2025,employee_f420556a57,Пиццерист,3,,,,,,,,,,,,,,02.07.2025,employee_908545f9b4,500,Премия,[redacted_comment]
28.10.2025,employee_5f85335cf4,Сушист,5,,,,,,,,,,,,,,06.07.2025,employee_3fa5f3a2b5,300,Штрафы и удержания,[redacted_comment]
06.11.2025,employee_86c0d0bb22,Сушист,5,,,,,,,,,,,,,,07.07.2025,employee_5a3e1adb3f,500,Премия,[redacted_comment]
19.11.2025,employee_1bd2e1ad1c,Сушист,1,,,,,,,,,,,,,,02.07.2025,employee_445cbb2a20,44,Штрафы и удержания,[redacted_comment]
19.11.2025,employee_44aa735d3b,Сушист,5,,,,,,,,,,,,,,11.07.2025,employee_3fa5f3a2b5,182,Штрафы и удержания,[redacted_comment]
19.11.2025,employee_44aa735d3b,Заготовщик,5,,,,,,,,,,,,,,11.07.2025,employee_abf859686b,19,Штрафы и удержания,[redacted_comment]
03.12.2025,employee_44aa735d3b,Шаурмист,4,,,,,,,,,,,,,,11.07.2025,employee_445cbb2a20,58,Штрафы и удержания,[redacted_comment]
03.12.2025,employee_c82e1942fd,Сушист,2,,,,,,,,,,,,,,08.07.2025,employee_7448260c20,700,Премия,[redacted_comment]
03.12.2025,employee_f420556a57,Пиццерист,2,,,,,,,,,,,,,,08.07.2025,employee_abf859686b,700,Премия,[redacted_comment]
10.12.2025,employee_9594b695e2,Сушист,3,,,,,,,,,,,,,,08.07.2025,employee_908545f9b4,500,Премия,[redacted_comment]
18.12.2025,employee_9b36065fce,Сушист,5,,,,,,,,,,,,,,09.07.2025,employee_908545f9b4,500,Премия,[redacted_comment]
27.12.2025,employee_f07b0e77a2,Сушист,5,,,,,,,,,,,,,,14.07.2025,employee_908545f9b4,500,Премия,[redacted_comment]
03.01.2026,employee_64c46f16b7,Сушист,2,,,,,,,,,,,,,,14.07.2025,employee_7448260c20,5000,Больничные и отпуска и пособия,[redacted_comment]
13.01.2026,employee_a285bf7cad,Администратор,3,,,,,,,,,,,,,,13.07.2025,employee_3fa5f3a2b5,500,Штрафы и удержания,[redacted_comment]
14.01.2026,employee_908545f9b4,Пиццерист,1,,,,,,,,,,,,,,13.07.2025,employee_3c4a629691,600,Премия,[redacted_comment]
14.01.2026,employee_53a5b186a9,Сушист,3,,,,,,,,,,,,,,12.07.2025,employee_5a3e1adb3f,310,Штрафы и удержания,[redacted_comment]
27.01.2026,employee_32048cf02a,Сушист,5,,,,,,,,,,,,,,15.07.2025,employee_5a3e1adb3f,500,Премия,[redacted_comment]
04.02.2026,employee_64c46f16b7,Сушист,1,,,,,,,,,,,,,,15.07.2025,employee_abf859686b,1500,Штрафы и удержания,[redacted_comment]
04.02.2026,employee_9b36065fce,Сушист,3,,,,,,,,,,,,,,15.07.2025,employee_7448260c20,1000,Штрафы и удержания,[redacted_comment]
11.02.2026,employee_924cd1265f,Шаурмист,4,,,,,,,,,,,,,,14.07.2025,employee_908545f9b4,500,Премия,[redacted_comment]
18.02.2026,employee_53a5b186a9,Сушист,2,,,,,,,,,,,,,,15.07.2025,employee_908545f9b4,500,Премия,[redacted_comment]
19.02.2026,employee_15b9fd024a,Сушист,3,,,,,,,,,,,,,,16.07.2025,employee_908545f9b4,500,Премия,[redacted_comment]
25.02.2026,employee_924cd1265f,Сушист,5,,,,,,,,,,,,,,17.07.2025,employee_5a3e1adb3f,500,Премия,[redacted_comment]
25.02.2026,employee_15b9fd024a,Сушист,2,,,,,,,,,,,,,,17.07.2025,employee_7448260c20,500,Премия,[redacted_comment]
09.03.2026,employee_f2a23819d8,Шаурмист,5,,,,,,,,,,,,,,17.07.2025,employee_445cbb2a20,500,Премия,[redacted_comment]
11.03.2026,employee_5f0f16a52b,Сушист,5,,,,,,,,,,,,,,22.07.2025,employee_8b0eb48cc4,7000,Больничные и отпуска и пособия,[redacted_comment]
11.03.2026,employee_f420556a57,Сушист,5,,,,,,,,,,,,,,22.07.2025,employee_62c77ec038,2758,Штрафы и удержания,[redacted_comment]
20.03.2026,employee_035a618100,Сушист,5,,,,,,,,,,,,,,18.07.2025,employee_908545f9b4,189,Штрафы и удержания,[redacted_comment]
25.03.2026,employee_035a618100,Сушист,3,,,,,,,,,,,,,,19.07.2025,employee_445cbb2a20,62,Штрафы и удержания,[redacted_comment]
25.03.2026,employee_f420556a57,Сушист,3,,,,,,,,,,,,,,21.07.2025,employee_908545f9b4,500,Премия,[redacted_comment]
25.03.2026,employee_f2a23819d8,Шаурмист,4,,,,,,,,,,,,,,15.07.2025,employee_51247484d7,200,Премия,[redacted_comment]
23.04.2026,employee_44aa735d3b,Сушист,5,,,,,,,,,,,,,,15.07.2025,employee_2dcfa0649d,200,Премия,[redacted_comment]
21.04.2026,employee_eff4f87fa3,Администратор,4,,,,,,,,,,,,,,01.08.2025,employee_7448260c20,877,Удержание НДФЛ,[redacted_comment]
25.04.2026,employee_b0e5843216,Сушист,3,,,,,,,,,,,,,,08.08.2025,employee_7448260c20,878,Удержание НДФЛ,[redacted_comment]
06.05.2026,employee_b0e5843216,Сушист,2,,,,,,,,,,,,,,22.07.2025,employee_5a3e1adb3f,500,Премия,[redacted_comment]
22.05.2026,employee_7ae55ec1c8,Пиццерист,5,,,,,,,,,,,,,,23.07.2025,employee_908545f9b4,500,Премия,[redacted_comment]
26.05.2026,employee_921c390b7f,Сушист,5,,,,,,,,,,,,,,22.07.2025,employee_5a3e1adb3f,189,Штрафы и удержания,[redacted_comment]
,,,,,,,,,,,,,,,,,02.08.2025,employee_51247484d7,10000,Больничные и отпуска и пособия,[redacted_comment]
,,,,,,,,,,,,,,,,,29.07.2025,employee_908545f9b4,500,Премия,[redacted_comment]
,,,,,,,,,,,,,,,,,30.07.2025,employee_908545f9b4,500,Премия,[redacted_comment]
,,,,,,,,,,,,,,,,,01.08.2025,employee_3c4a629691,9000,Больничные и отпуска и пособия,[redacted_comment]
,,,,,,,,,,,,,,,,,04.08.2025,employee_5a3e1adb3f,500,Премия,[redacted_comment]
,,,,,,,,,,,,,,,,,11.08.2025,employee_b3338b123c,151,Штрафы и удержания,[redacted_comment]
,,,,,,,,,,,,,,,,,11.08.2025,employee_ac996276a1,81,Штрафы и удержания,[redacted_comment]
,,,,,,,,,,,,,,,,,05.08.2025,employee_3c4a629691,500,Премия,[redacted_comment]
,,,,,,,,,,,,,,,,,06.08.2025,employee_3c4a629691,500,Премия,[redacted_comment]
,,,,,,,,,,,,,,,,,05.08.2025,employee_5a3e1adb3f,326,Штрафы и удержания,[redacted_comment]
,,,,,,,,,,,,,,,,,05.08.2025,employee_ac996276a1,208,Штрафы и удержания,[redacted_comment]
,,,,,,,,,,,,,,,,,07.08.2025,employee_7448260c20,30,Штрафы и удержания,[redacted_comment]
,,,,,,,,,,,,,,,,,07.08.2025,employee_ac996276a1,116,Штрафы и удержания,[redacted_comment]
,,,,,,,,,,,,,,,,,08.08.2025,employee_445cbb2a20,113,Штрафы и удержания,[redacted_comment]
,,,,,,,,,,,,,,,,,08.08.2025,employee_445cbb2a20,60,Штрафы и удержания,[redacted_comment]
,,,,,,,,,,,,,,,,,10.08.2025,employee_908545f9b4,133,Штрафы и удержания,[redacted_comment]
,,,,,,,,,,,,,,,,,11.08.2025,employee_5a3e1adb3f,500,Премия,[redacted_comment]
,,,,,,,,,,,,,,,,,11.08.2025,employee_b3338b123c,600,Премия,[redacted_comment]
,,,,,,,,,,,,,,,,,11.08.2025,employee_3a10af3781,600,Премия,[redacted_comment]
,,,,,,,,,,,,,,,,,11.08.2025,employee_2dcfa0649d,600,Премия,[redacted_comment]
,,,,,,,,,,,,,,,,,14.08.2025,employee_51247484d7,600,Премия,[redacted_comment]
,,,,,,,,,,,,,,,,,12.08.2025,employee_62c77ec038,4400,Штрафы и удержания,[redacted_comment]
,,,,,,,,,,,,,,,,,13.08.2025,employee_a43b07b2aa,500,Премия,[redacted_comment]
,,,,,,,,,,,,,,,,,13.08.2025,employee_b3338b123c,10000,Больничные и отпуска и пособия,[redacted_comment]
,,,,,,,,,,,,,,,,,14.08.2025,employee_908545f9b4,500,Премия,[redacted_comment]
,,,,,,,,,,,,,,,,,14.08.2025,employee_5a3e1adb3f,1000,Премия,[redacted_comment]
,,,,,,,,,,,,,,,,,17.08.2025,employee_3c4a629691,500,Премия,[redacted_comment]
,,,,,,,,,,,,,,,,,18.08.2025,employee_3c4a629691,500,Премия,[redacted_comment]
,,,,,,,,,,,,,,,,,11.08.2025,employee_445cbb2a20,80,Штрафы и удержания,[redacted_comment]
,,,,,,,,,,,,,,,,,13.08.2025,employee_5a3e1adb3f,321,Штрафы и удержания,[redacted_comment]
,,,,,,,,,,,,,,,,,13.08.2025,employee_b16f896b29,82,Штрафы и удержания,[redacted_comment]
,,,,,,,,,,,,,,,,,15.08.2025,employee_b16f896b29,175,Штрафы и удержания,[redacted_comment]
,,,,,,,,,,,,,,,,,15.08.2025,employee_5a3e1adb3f,367,Штрафы и удержания,[redacted_comment]
,,,,,,,,,,,,,,,,,16.08.2025,employee_51247484d7,200,Премия,[redacted_comment]
,,,,,,,,,,,,,,,,,16.08.2025,employee_2dcfa0649d,200,Премия,[redacted_comment]
,,,,,,,,,,,,,,,,,23.08.2025,employee_2dcfa0649d,10000,Больничные и отпуска и пособия,[redacted_comment]
,,,,,,,,,,,,,,,,,19.08.2025,employee_5a3e1adb3f,500,Премия,[redacted_comment]
,,,,,,,,,,,,,,,,,20.08.2025,employee_908545f9b4,500,Премия,[redacted_comment]
,,,,,,,,,,,,,,,,,24.08.2025,employee_3c4a629691,500,Премия,[redacted_comment]
,,,,,,,,,,,,,,,,,25.08.2025,employee_5a3e1adb3f,500,Премия,[redacted_comment]
,,,,,,,,,,,,,,,,,26.08.2025,employee_5a3e1adb3f,500,Премия,[redacted_comment]
,,,,,,,,,,,,,,,,,22.08.2025,employee_445cbb2a20,78,Штрафы и удержания,[redacted_comment]
,,,,,,,,,,,,,,,,,23.08.2025,employee_b16f896b29,78,Штрафы и удержания,[redacted_comment]
,,,,,,,,,,,,,,,,,22.08.2025,employee_b16f896b29,243,Штрафы и удержания,[redacted_comment]
,,,,,,,,,,,,,,,,,22.08.2025,employee_ac996276a1,"120,4",Штрафы и удержания,[redacted_comment]
,,,,,,,,,,,,,,,,,26.08.2025,employee_8b0eb48cc4,500,Премия,[redacted_comment]
,,,,,,,,,,,,,,,,,26.08.2025,employee_abf859686b,102,Штрафы и удержания,[redacted_comment]
,,,,,,,,,,,,,,,,,26.08.2025,employee_b16f896b29, ,Штрафы и удержания,[redacted_comment]
,,,,,,,,,,,,,,,,,26.08.2025,employee_b3338b123c,187,Штрафы и удержания,[redacted_comment]
,,,,,,,,,,,,,,,,,26.08.2025,employee_5a3e1adb3f,274,Штрафы и удержания,[redacted_comment]
,,,,,,,,,,,,,,,,,01.09.2025,employee_b16f896b29,500,Премия,[redacted_comment]
,,,,,,,,,,,,,,,,,01.09.2025,employee_a43b07b2aa,1000,Премия,[redacted_comment]
,,,,,,,,,,,,,,,,,01.09.2025,employee_445cbb2a20,300,Премия,[redacted_comment]
,,,,,,,,,,,,,,,,,30.08.2025,employee_62c77ec038,3303,Штрафы и удержания,[redacted_comment]
,,,,,,,,,,,,,,,,,02.09.2025,employee_5a3e1adb3f,302,Штрафы и удержания,[redacted_comment]
,,,,,,,,,,,,,,,,,02.09.2025,employee_b16f896b29,113,Штрафы и удержания,[redacted_comment]
,,,,,,,,,,,,,,,,,02.09.2025,employee_62c77ec038,145,Штрафы и удержания,[redacted_comment]
,,,,,,,,,,,,,,,,,02.09.2025,employee_b16f896b29,300,Премия,[redacted_comment]
,,,,,,,,,,,,,,,,,04.09.2025,employee_abf859686b,500,Премия,[redacted_comment]
,,,,,,,,,,,,,,,,,04.09.2025,employee_3fa5f3a2b5,1100,Премия,[redacted_comment]
,,,,,,,,,,,,,,,,,08.09.2025,employee_5a3e1adb3f,800,Штрафы и удержания,[redacted_comment]
,,,,,,,,,,,,,,,,,02.09.2025,employee_445cbb2a20,45,Штрафы и удержания,[redacted_comment]
,,,,,,,,,,,,,,,,,02.09.2025,employee_b16f896b29,96,Штрафы и удержания,[redacted_comment]
,,,,,,,,,,,,,,,,,03.09.2025,employee_5a3e1adb3f,167,Штрафы и удержания,[redacted_comment]
,,,,,,,,,,,,,,,,,05.09.2025,employee_4937b66146,82,Штрафы и удержания,[redacted_comment]
,,,,,,,,,,,,,,,,,08.09.2025,employee_5a3e1adb3f,500,Премия,[redacted_comment]
,,,,,,,,,,,,,,,,,09.09.2025,employee_5a3e1adb3f,500,Премия,[redacted_comment]
,,,,,,,,,,,,,,,,,09.09.2025,employee_3fa5f3a2b5,300,Премия,[redacted_comment]
,,,,,,,,,,,,,,,,,06.09.2025,employee_908545f9b4,10000,Больничные и отпуска и пособия,[redacted_comment]
,,,,,,,,,,,,,,,,,14.09.2025,employee_5a3e1adb3f,1000,Штрафы и удержания,[redacted_comment]
,,,,,,,,,,,,,,,,,14.09.2025,employee_3fa5f3a2b5,4000,Штрафы и удержания,[redacted_comment]
,,,,,,,,,,,,,,,,,14.09.2025,employee_abf859686b,5000,Штрафы и удержания,[redacted_comment]
,,,,,,,,,,,,,,,,,14.09.2025,employee_5a3e1adb3f,1000,Премия,[redacted_comment]
,,,,,,,,,,,,,,,,,09.09.2025,employee_3fa5f3a2b5,300,Премия,[redacted_comment]
,,,,,,,,,,,,,,,,,09.09.2025,employee_abf859686b,465,Штрафы и удержания,[redacted_comment]
,,,,,,,,,,,,,,,,,09.09.2025,employee_3fa5f3a2b5,60,Штрафы и удержания,[redacted_comment]
,,,,,,,,,,,,,,,,,09.09.2025,employee_5a3e1adb3f,274,Штрафы и удержания,[redacted_comment]
,,,,,,,,,,,,,,,,,10.09.2025,employee_b16f896b29,119,Штрафы и удержания,[redacted_comment]
,,,,,,,,,,,,,,,,,13.09.2025,employee_3c4a629691,400,Штрафы и удержания,[redacted_comment]
,,,,,,,,,,,,,,,,,15.09.2025,employee_3fa5f3a2b5,500,Премия,[redacted_comment]
,,,,,,,,,,,,,,,,,15.09.2025,employee_abf859686b,500,Премия,[redacted_comment]
,,,,,,,,,,,,,,,,,15.09.2025,employee_3c4a629691,700,Премия,[redacted_comment]
,,,,,,,,,,,,,,,,,16.09.2025,employee_3fa5f3a2b5,400,Премия,[redacted_comment]
,,,,,,,,,,,,,,,,,16.09.2025,employee_b16f896b29,400,Премия,[redacted_comment]
,,,,,,,,,,,,,,,,,16.09.2025,employee_ac996276a1,300,Премия,[redacted_comment]
,,,,,,,,,,,,,,,,,17.09.2025,employee_a43b07b2aa,500,Штрафы и удержания,[redacted_comment]
,,,,,,,,,,,,,,,,,19.09.2025,employee_a43b07b2aa,682,Штрафы и удержания,[redacted_comment]
,,,,,,,,,,,,,,,,,19.09.2025,employee_3c4a629691,69,Штрафы и удержания,[redacted_comment]
,,,,,,,,,,,,,,,,,19.09.2025,employee_5a3e1adb3f,168,Штрафы и удержания,[redacted_comment]
,,,,,,,,,,,,,,,,,22.09.2025,employee_2dcfa0649d,200,Премия,[redacted_comment]
,,,,,,,,,,,,,,,,,22.09.2025,employee_ad25f93d9f,2000,Штрафы и удержания,[redacted_comment]
,,,,,,,,,,,,,,,,,21.09.2025,employee_b16f896b29,350,Штрафы и удержания,[redacted_comment]
,,,,,,,,,,,,,,,,,21.09.2025,employee_5a3e1adb3f,350,Штрафы и удержания,[redacted_comment]
,,,,,,,,,,,,,,,,,23.09.2025,employee_3fa5f3a2b5,500,Премия,[redacted_comment]
,,,,,,,,,,,,,,,,,23.09.2025,employee_1817e861dd,500,Премия,[redacted_comment]
,,,,,,,,,,,,,,,,,18.09.2025,employee_b3338b123c,150,Премия,[redacted_comment]
,,,,,,,,,,,,,,,,,18.09.2025,employee_51247484d7,150,Премия,[redacted_comment]
,,,,,,,,,,,,,,,,,16.09.2025,employee_b3338b123c,300,Премия,[redacted_comment]
,,,,,,,,,,,,,,,,,17.09.2025,employee_b3338b123c,300,Премия,[redacted_comment]
,,,,,,,,,,,,,,,,,19.09.2025,employee_51247484d7,300,Премия,[redacted_comment]
,,,,,,,,,,,,,,,,,20.09.2025,employee_51247484d7,300,Премия,[redacted_comment]
,,,,,,,,,,,,,,,,,21.09.2025,employee_51247484d7,200,Премия,[redacted_comment]
,,,,,,,,,,,,,,,,,22.09.2025,employee_b3338b123c,300,Премия,[redacted_comment]
,,,,,,,,,,,,,,,,,24.09.2025,employee_908545f9b4,500,Премия,[redacted_comment]
,,,,,,,,,,,,,,,,,25.09.2025,employee_3c4a629691,500,Премия,[redacted_comment]
,,,,,,,,,,,,,,,,,28.09.2025,employee_908545f9b4,500,Премия,[redacted_comment]
,,,,,,,,,,,,,,,,,29.09.2025,employee_908545f9b4,500,Премия,[redacted_comment]
,,,,,,,,,,,,,,,,,24.09.2025,employee_a43b07b2aa,100,Штрафы и удержания,[redacted_comment]
,,,,,,,,,,,,,,,,,24.09.2025,employee_908545f9b4,130,Штрафы и удержания,[redacted_comment]
,,,,,,,,,,,,,,,,,27.09.2025,employee_1bd2e1ad1c,500,Премия,[redacted_comment]
,,,,,,,,,,,,,,,,,25.09.2025,employee_3c4a629691,130,Штрафы и удержания,[redacted_comment]
,,,,,,,,,,,,,,,,,27.09.2025,employee_ac996276a1,500,Премия,[redacted_comment]
,,,,,,,,,,,,,,,,,30.09.2025,employee_1bd2e1ad1c,300,Премия,[redacted_comment]
,,,,,,,,,,,,,,,,,29.09.2025,employee_b3338b123c,5000,Премия,[redacted_comment]
,,,,,,,,,,,,,,,,,23.09.2025,employee_b3338b123c,300,Премия,[redacted_comment]
,,,,,,,,,,,,,,,,,25.09.2025,employee_b3338b123c,300,Премия,[redacted_comment]
,,,,,,,,,,,,,,,,,26.09.2025,employee_b3338b123c,300,Премия,[redacted_comment]
,,,,,,,,,,,,,,,,,29.09.2025,employee_b3338b123c,300,Премия,[redacted_comment]
,,,,,,,,,,,,,,,,,01.10.2025,employee_908545f9b4,500,Премия,[redacted_comment]
,,,,,,,,,,,,,,,,,02.10.2025,employee_3c4a629691,500,Премия,[redacted_comment]
,,,,,,,,,,,,,,,,,02.10.2025,employee_3fa5f3a2b5,500,Премия,[redacted_comment]
,,,,,,,,,,,,,,,,,03.10.2025,employee_3fa5f3a2b5,78,Штрафы и удержания,[redacted_comment]
,,,,,,,,,,,,,,,,,03.10.2025,employee_908545f9b4,167,Штрафы и удержания,[redacted_comment]
,,,,,,,,,,,,,,,,,03.10.2025,employee_1bd2e1ad1c,117,Штрафы и удержания,[redacted_comment]
,,,,,,,,,,,,,,,,,04.10.2025,employee_3c4a629691,133,Штрафы и удержания,[redacted_comment]
,,,,,,,,,,,,,,,,,10.10.2025,employee_b3338b123c,300,Премия,[redacted_comment]
,,,,,,,,,,,,,,,,,10.10.2025,employee_b3338b123c,300,Премия,[redacted_comment]
,,,,,,,,,,,,,,,,,10.10.2025,employee_b3338b123c,300,Премия,[redacted_comment]
,,,,,,,,,,,,,,,,,10.10.2025,employee_b3338b123c,150,Премия,[redacted_comment]
,,,,,,,,,,,,,,,,,10.10.2025,employee_b3338b123c,150,Премия,[redacted_comment]
,,,,,,,,,,,,,,,,,10.10.2025,employee_b3338b123c,150,Премия,[redacted_comment]
,,,,,,,,,,,,,,,,,10.10.2025,employee_51247484d7,300,Премия,[redacted_comment]
,,,,,,,,,,,,,,,,,10.10.2025,employee_51247484d7,150,Премия,[redacted_comment]
,,,,,,,,,,,,,,,,,10.10.2025,employee_51247484d7,150,Премия,[redacted_comment]
,,,,,,,,,,,,,,,,,10.10.2025,employee_51247484d7,150,Премия,[redacted_comment]
,,,,,,,,,,,,,,,,,07.10.2025,employee_b3338b123c,300,Премия,[redacted_comment]
,,,,,,,,,,,,,,,,,08.10.2025,employee_51247484d7,300,Премия,[redacted_comment]
,,,,,,,,,,,,,,,,,09.10.2025,employee_51247484d7,300,Премия,[redacted_comment]
,,,,,,,,,,,,,,,,,10.10.2025,employee_b3338b123c,150,Премия,[redacted_comment]
,,,,,,,,,,,,,,,,,10.10.2025,employee_51247484d7,150,Премия,[redacted_comment]
,,,,,,,,,,,,,,,,,11.10.2025,employee_b3338b123c,300,Премия,[redacted_comment]
,,,,,,,,,,,,,,,,,12.10.2025,employee_b3338b123c,300,Премия,[redacted_comment]
,,,,,,,,,,,,,,,,,10.10.2025,employee_908545f9b4,500,Премия,[redacted_comment]
,,,,,,,,,,,,,,,,,10.10.2025,employee_abf859686b,6000,Премия,[redacted_comment]
,,,,,,,,,,,,,,,,,10.10.2025,employee_3c4a629691,2000,Премия,[redacted_comment]
,,,,,,,,,,,,,,,,,13.10.2025,employee_3fa5f3a2b5,300,Премия,[redacted_comment]
,,,,,,,,,,,,,,,,,08.10.2025,employee_abf859686b,1604,Штрафы и удержания,[redacted_comment]
,,,,,,,,,,,,,,,,,12.10.2025,employee_3fa5f3a2b5,148,Штрафы и удержания,[redacted_comment]
,,,,,,,,,,,,,,,,,14.10.2025,employee_3fa5f3a2b5,300,Премия,[redacted_comment]
,,,,,,,,,,,,,,,,,20.10.2025,employee_3fa5f3a2b5,300,Премия,[redacted_comment]
,,,,,,,,,,,,,,,,,19.10.2025,employee_abf859686b,1000,Премия,[redacted_comment]
,,,,,,,,,,,,,,,,,19.10.2025,employee_c82e1942fd,1000,Премия,[redacted_comment]
,,,,,,,,,,,,,,,,,20.10.2025,employee_908545f9b4,1000,Премия,[redacted_comment]
,,,,,,,,,,,,,,,,,15.10.2025,employee_b3338b123c,300,Премия,[redacted_comment]
,,,,,,,,,,,,,,,,,16.10.2025,employee_b3338b123c,300,Премия,[redacted_comment]
,,,,,,,,,,,,,,,,,17.10.2025,employee_b3338b123c,300,Премия,[redacted_comment]
,,,,,,,,,,,,,,,,,18.10.2025,employee_51247484d7,300,Премия,[redacted_comment]
,,,,,,,,,,,,,,,,,19.10.2025,employee_51247484d7,300,Премия,[redacted_comment]
,,,,,,,,,,,,,,,,,20.10.2025,employee_51247484d7,300,Премия,[redacted_comment]
,,,,,,,,,,,,,,,,,14.10.2025,employee_51247484d7,300,Премия,[redacted_comment]
,,,,,,,,,,,,,,,,,21.10.2025,employee_3fa5f3a2b5,300,Премия,[redacted_comment]
,,,,,,,,,,,,,,,,,,,,,
,,,,,,,,,,,,,,,,,24.10.2025,employee_8b0eb48cc4,200,Премия,[redacted_comment]
,,,,,,,,,,,,,,,,,,,,,
,,,,,,,,,,,,,,,,,27.10.2025,employee_908545f9b4,1500,Премия,[redacted_comment]
,,,,,,,,,,,,,,,,,25.10.2025,employee_3c4a629691,500,Премия,[redacted_comment]
,,,,,,,,,,,,,,,,,22.10.2025,employee_51247484d7,300,Премия,[redacted_comment]
,,,,,,,,,,,,,,,,,23.10.2025,employee_b3338b123c,300,Премия,[redacted_comment]
,,,,,,,,,,,,,,,,,24.10.2025,employee_b3338b123c,150,Премия,[redacted_comment]
,,,,,,,,,,,,,,,,,25.10.2025,employee_b3338b123c,300,Премия,[redacted_comment]
,,,,,,,,,,,,,,,,,26.10.2025,employee_b3338b123c,300,Премия,[redacted_comment]
,,,,,,,,,,,,,,,,,24.10.2025,employee_51247484d7,150,Премия,[redacted_comment]
,,,,,,,,,,,,,,,,,28.10.2025,employee_3fa5f3a2b5,600,Премия,[redacted_comment]
,,,,,,,,,,,,,,,,,29.10.2025,employee_62c77ec038,1500,Штрафы и удержания,[redacted_comment]
,,,,,,,,,,,,,,,,,30.10.2025,employee_ac996276a1,80,Штрафы и удержания,[redacted_comment]
,,,,,,,,,,,,,,,,,31.10.2025,employee_3fa5f3a2b5,50,Штрафы и удержания,[redacted_comment]
,,,,,,,,,,,,,,,,,30.10.2025,employee_c82e1942fd,120,Штрафы и удержания,[redacted_comment]
,,,,,,,,,,,,,,,,,01.11.2025,employee_3c4a629691,170,Штрафы и удержания,[redacted_comment]
,,,,,,,,,,,,,,,,,01.11.2025,employee_f420556a57,500,Премия,[redacted_comment]
,,,,,,,,,,,,,,,,,28.10.2025,employee_b3338b123c,300,Премия,[redacted_comment]
,,,,,,,,,,,,,,,,,29.10.2025,employee_b3338b123c,300,Премия,[redacted_comment]
,,,,,,,,,,,,,,,,,02.11.2025,employee_b3338b123c,300,Премия,[redacted_comment]
,,,,,,,,,,,,,,,,,03.11.2025,employee_b3338b123c,300,Премия,[redacted_comment]
,,,,,,,,,,,,,,,,,30.10.2025,employee_51247484d7,300,Премия,[redacted_comment]
,,,,,,,,,,,,,,,,,31.10.2025,employee_51247484d7,300,Премия,[redacted_comment]
,,,,,,,,,,,,,,,,,01.11.2025,employee_51247484d7,300,Премия,[redacted_comment]
,,,,,,,,,,,,,,,,,28.10.2025,employee_dfa826d51c,3500,Премия,[redacted_comment]
,,,,,,,,,,,,,,,,,29.10.2025,employee_dfa826d51c,3500,Премия,[redacted_comment]
,,,,,,,,,,,,,,,,,05.11.2025,employee_5f85335cf4,500,Штрафы и удержания,[redacted_comment]
,,,,,,,,,,,,,,,,,05.11.2025,employee_3c4a629691,500,Премия,[redacted_comment]
,,,,,,,,,,,,,,,,,04.11.2025,employee_b3338b123c,300,Премия,[redacted_comment]
,,,,,,,,,,,,,,,,,08.11.2025,employee_b3338b123c,300,Премия,[redacted_comment]
,,,,,,,,,,,,,,,,,09.11.2025,employee_b3338b123c,300,Премия,[redacted_comment]
,,,,,,,,,,,,,,,,,10.11.2025,employee_b3338b123c,300,Премия,[redacted_comment]
,,,,,,,,,,,,,,,,,05.11.2025,employee_51247484d7,300,Премия,[redacted_comment]
,,,,,,,,,,,,,,,,,06.11.2025,employee_51247484d7,300,Премия,[redacted_comment]
,,,,,,,,,,,,,,,,,07.11.2025,employee_51247484d7,300,Премия,[redacted_comment]
,,,,,,,,,,,,,,,,,04.11.2025,employee_c82e1942fd,220,Штрафы и удержания,[redacted_comment]
,,,,,,,,,,,,,,,,,04.11.2025,employee_1bd2e1ad1c,140,Штрафы и удержания,[redacted_comment]
,,,,,,,,,,,,,,,,,04.11.2025,employee_abf859686b,172,Штрафы и удержания,[redacted_comment]
,,,,,,,,,,,,,,,,,04.11.2025,employee_f420556a57,190,Штрафы и удержания,[redacted_comment]
,,,,,,,,,,,,,,,,,04.11.2025,employee_8b0eb48cc4,335,Штрафы и удержания,[redacted_comment]
,,,,,,,,,,,,,,,,,04.11.2025,employee_3fa5f3a2b5,300,Штрафы и удержания,[redacted_comment]
,,,,,,,,,,,,,,,,,04.11.2025,employee_abf859686b,300,Штрафы и удержания,[redacted_comment]
,,,,,,,,,,,,,,,,,11.11.2025,employee_abf859686b,500,Премия,[redacted_comment]
,,,,,,,,,,,,,,,,,11.11.2025,employee_c82e1942fd,500,Премия,[redacted_comment]
,,,,,,,,,,,,,,,,,11.11.2025,employee_908545f9b4,500,Премия,[redacted_comment]
,,,,,,,,,,,,,,,,,11.11.2025,employee_c82e1942fd,300,Премия,[redacted_comment]
,,,,,,,,,,,,,,,,,11.11.2025,employee_1bd2e1ad1c,500,Премия,[redacted_comment]
,,,,,,,,,,,,,,,,,12.11.2025,employee_c82e1942fd,300,Премия,[redacted_comment]
,,,,,,,,,,,,,,,,,11.11.2025,employee_908545f9b4,500,Премия,[redacted_comment]
,,,,,,,,,,,,,,,,,12.11.2025,employee_908545f9b4,500,Премия,[redacted_comment]
,,,,,,,,,,,,,,,,,14.11.2025,employee_8b0eb48cc4,2000,Премия,[redacted_comment]
,,,,,,,,,,,,,,,,,16.11.2025,employee_3c4a629691,1000,Премия,[redacted_comment]
,,,,,,,,,,,,,,,,,17.11.2025,employee_3fa5f3a2b5,500,Премия,[redacted_comment]
,,,,,,,,,,,,,,,,,17.11.2025,employee_c82e1942fd,500,Премия,[redacted_comment]
,,,,,,,,,,,,,,,,,11.11.2025,employee_51247484d7,300,Премия,[redacted_comment]
,,,,,,,,,,,,,,,,,12.11.2025,employee_51247484d7,300,Премия,[redacted_comment]
,,,,,,,,,,,,,,,,,13.11.2025,employee_51247484d7,300,Премия,[redacted_comment]
,,,,,,,,,,,,,,,,,15.11.2025,employee_b3338b123c,300,Премия,[redacted_comment]
,,,,,,,,,,,,,,,,,16.11.2025,employee_b3338b123c,300,Премия,[redacted_comment]
,,,,,,,,,,,,,,,,,17.11.2025,employee_b3338b123c,150,Премия,[redacted_comment]
,,,,,,,,,,,,,,,,,17.11.2025,employee_51247484d7,150,Премия,[redacted_comment]
,,,,,,,,,,,,,,,,,14.11.2025,employee_abf859686b,556,Штрафы и удержания,[redacted_comment]
,,,,,,,,,,,,,,,,,14.11.2025,employee_3fa5f3a2b5,556,Штрафы и удержания,[redacted_comment]
,,,,,,,,,,,,,,,,,14.11.2025,employee_f420556a57,132,Штрафы и удержания,[redacted_comment]
,,,,,,,,,,,,,,,,,14.11.2025,employee_44aa735d3b,98,Штрафы и удержания,[redacted_comment]
,,,,,,,,,,,,,,,,,14.11.2025,employee_8b0eb48cc4,100,Штрафы и удержания,[redacted_comment]
,,,,,,,,,,,,,,,,,17.11.2025,employee_abf859686b,5000,Премия,[redacted_comment]
,,,,,,,,,,,,,,,,,14.11.2025,employee_abf859686b,500,Премия,[redacted_comment]
,,,,,,,,,,,,,,,,,14.11.2025,employee_3fa5f3a2b5,500,Премия,[redacted_comment]
,,,,,,,,,,,,,,,,,14.11.2025,employee_1bd2e1ad1c,500,Премия,[redacted_comment]
,,,,,,,,,,,,,,,,,18.11.2025,employee_908545f9b4,1500,Премия,[redacted_comment]
,,,,,,,,,,,,,,,,,18.11.2025,employee_c82e1942fd,300,Премия,[redacted_comment]
,,,,,,,,,,,,,,,,,18.11.2025,employee_1bd2e1ad1c,200,Премия,[redacted_comment]
,,,,,,,,,,,,,,,,,19.11.2025,employee_c82e1942fd,500,Премия,[redacted_comment]
,,,,,,,,,,,,,,,,,19.11.2025,employee_1bd2e1ad1c,500,Премия,[redacted_comment]
,,,,,,,,,,,,,,,,,23.11.2025,employee_abf859686b,1000,Премия,[redacted_comment]
,,,,,,,,,,,,,,,,,23.11.2025,employee_c82e1942fd,500,Премия,[redacted_comment]
,,,,,,,,,,,,,,,,,24.11.2025,employee_3c4a629691,500,Премия,[redacted_comment]
,,,,,,,,,,,,,,,,,24.11.2025,employee_3fa5f3a2b5,500,Премия,[redacted_comment]
,,,,,,,,,,,,,,,,,20.11.2025,employee_c82e1942fd,65,Штрафы и удержания,[redacted_comment]
,,,,,,,,,,,,,,,,,20.11.2025,employee_1bd2e1ad1c,230,Штрафы и удержания,[redacted_comment]
,,,,,,,,,,,,,,,,,20.11.2025,employee_908545f9b4,213,Штрафы и удержания,[redacted_comment]
,,,,,,,,,,,,,,,,,20.11.2025,employee_3fa5f3a2b5,230,Штрафы и удержания,[redacted_comment]
,,,,,,,,,,,,,,,,,20.11.2025,employee_b3338b123c,300,Премия,[redacted_comment]
,,,,,,,,,,,,,,,,,21.11.2025,employee_b3338b123c,300,Премия,[redacted_comment]
,,,,,,,,,,,,,,,,,22.11.2025,employee_b3338b123c,300,Премия,[redacted_comment]
,,,,,,,,,,,,,,,,,18.11.2025,employee_51247484d7,300,Премия,[redacted_comment]
,,,,,,,,,,,,,,,,,19.11.2025,employee_51247484d7,300,Премия,[redacted_comment]
,,,,,,,,,,,,,,,,,23.11.2025,employee_51247484d7,300,Премия,[redacted_comment]
,,,,,,,,,,,,,,,,,24.11.2025,employee_51247484d7,300,Премия,[redacted_comment]
,,,,,,,,,,,,,,,,,25.11.2025,employee_1bd2e1ad1c,1000,Премия,[redacted_comment]
,,,,,,,,,,,,,,,,,25.11.2025,employee_c82e1942fd,1000,Премия,[redacted_comment]
,,,,,,,,,,,,,,,,,25.11.2025,employee_f420556a57,1000,Премия,[redacted_comment]
,,,,,,,,,,,,,,,,,30.11.2025,employee_abf859686b,300,Премия,[redacted_comment]
,,,,,,,,,,,,,,,,,30.11.2025,employee_1bd2e1ad1c,300,Премия,[redacted_comment]
,,,,,,,,,,,,,,,,,30.11.2025,employee_3fa5f3a2b5,300,Премия,[redacted_comment]
,,,,,,,,,,,,,,,,,30.11.2025,employee_3c4a629691,300,Премия,[redacted_comment]
,,,,,,,,,,,,,,,,,30.11.2025,employee_908545f9b4,300,Премия,[redacted_comment]
,,,,,,,,,,,,,,,,,25.11.2025,employee_1bd2e1ad1c,150,Штрафы и удержания,[redacted_comment]
,,,,,,,,,,,,,,,,,25.11.2025,employee_f420556a57,132,Штрафы и удержания,[redacted_comment]
,,,,,,,,,,,,,,,,,25.11.2025,employee_3c4a629691,145,Штрафы и удержания,[redacted_comment]
,,,,,,,,,,,,,,,,,25.11.2025,employee_c82e1942fd,81,Штрафы и удержания,[redacted_comment]
,,,,,,,,,,,,,,,,,25.11.2025,employee_3fa5f3a2b5,54,Штрафы и удержания,[redacted_comment]
,,,,,,,,,,,,,,,,,25.11.2025,employee_8b0eb48cc4,107,Штрафы и удержания,[redacted_comment]
,,,,,,,,,,,,,,,,,01.12.2025,employee_abf859686b,500,Премия,[redacted_comment]
,,,,,,,,,,,,,,,,,01.12.2025,employee_1bd2e1ad1c,500,Премия,[redacted_comment]
,,,,,,,,,,,,,,,,,01.12.2025,employee_f420556a57,500,Премия,[redacted_comment]
,,,,,,,,,,,,,,,,,01.12.2025,employee_c82e1942fd,5000,Премия,[redacted_comment]
,,,,,,,,,,,,,,,,,26.11.2025,employee_b3338b123c,300,Премия,[redacted_comment]
,,,,,,,,,,,,,,,,,27.11.2025,employee_b3338b123c,300,Премия,[redacted_comment]
,,,,,,,,,,,,,,,,,28.11.2025,employee_b3338b123c,300,Премия,[redacted_comment]
,,,,,,,,,,,,,,,,,29.11.2025,employee_b3338b123c,150,Премия,[redacted_comment]
,,,,,,,,,,,,,,,,,25.11.2025,employee_51247484d7,300,Премия,[redacted_comment]
,,,,,,,,,,,,,,,,,29.11.2025,employee_51247484d7,150,Премия,[redacted_comment]
,,,,,,,,,,,,,,,,,30.11.2025,employee_51247484d7,300,Премия,[redacted_comment]
,,,,,,,,,,,,,,,,,01.12.2025,employee_51247484d7,300,Премия,[redacted_comment]
,,,,,,,,,,,,,,,,,02.12.2025,employee_44aa735d3b,500,Премия,[redacted_comment]
,,,,,,,,,,,,,,,,,03.12.2025,employee_908545f9b4,500,Премия,[redacted_comment]
,,,,,,,,,,,,,,,,,02.12.2025,employee_abf859686b,500,Премия,[redacted_comment]
,,,,,,,,,,,,,,,,,02.12.2025,employee_3fa5f3a2b5,500,Премия,[redacted_comment]
,,,,,,,,,,,,,,,,,03.12.2025,employee_f420556a57,1000,Премия,[redacted_comment]
,,,,,,,,,,,,,,,,,06.12.2025,employee_3c4a629691,161,Штрафы и удержания,[redacted_comment]
,,,,,,,,,,,,,,,,,06.12.2025,employee_3fa5f3a2b5,171,Штрафы и удержания,[redacted_comment]
,,,,,,,,,,,,,,,,,06.12.2025,employee_c82e1942fd,185,Штрафы и удержания,[redacted_comment]
,,,,,,,,,,,,,,,,,06.12.2025,employee_1bd2e1ad1c,66,Штрафы и удержания,[redacted_comment]
,,,,,,,,,,,,,,,,,06.12.2025,employee_f420556a57,230,Штрафы и удержания,[redacted_comment]
,,,,,,,,,,,,,,,,,02.12.2025,employee_b3338b123c,300,Премия,[redacted_comment]
,,,,,,,,,,,,,,,,,03.12.2025,employee_b3338b123c,300,Премия,[redacted_comment]
,,,,,,,,,,,,,,,,,04.12.2025,employee_b3338b123c,300,Премия,[redacted_comment]
,,,,,,,,,,,,,,,,,05.12.2025,employee_51247484d7,300,Премия,[redacted_comment]
,,,,,,,,,,,,,,,,,06.12.2025,employee_51247484d7,300,Премия,[redacted_comment]
,,,,,,,,,,,,,,,,,07.12.2025,employee_51247484d7,300,Премия,[redacted_comment]
,,,,,,,,,,,,,,,,,08.12.2025,employee_51247484d7,300,Премия,[redacted_comment]
,,,,,,,,,,,,,,,,,06.12.2025,employee_a285bf7cad,300,Штрафы и удержания,[redacted_comment]
,,,,,,,,,,,,,,,,,07.12.2025,employee_abf859686b,1500,Премия,[redacted_comment]
,,,,,,,,,,,,,,,,,07.12.2025,employee_c82e1942fd,500,Премия,[redacted_comment]
,,,,,,,,,,,,,,,,,08.12.2025,employee_abf859686b,500,Премия,[redacted_comment]
,,,,,,,,,,,,,,,,,08.12.2025,employee_3fa5f3a2b5,500,Премия,[redacted_comment]
,,,,,,,,,,,,,,,,,08.12.2025,employee_3c4a629691,500,Премия,[redacted_comment]
,,,,,,,,,,,,,,,,,07.12.2025,employee_c82e1942fd,300,Штрафы и удержания,[redacted_comment]
,,,,,,,,,,,,,,,,,07.12.2025,employee_abf859686b,300,Штрафы и удержания,[redacted_comment]
,,,,,,,,,,,,,,,,,07.12.2025,employee_1bd2e1ad1c,200,Штрафы и удержания,[redacted_comment]
,,,,,,,,,,,,,,,,,07.12.2025,employee_3fa5f3a2b5,200,Штрафы и удержания,[redacted_comment]
,,,,,,,,,,,,,,,,,09.12.2025,employee_c82e1942fd,500,Премия,[redacted_comment]
,,,,,,,,,,,,,,,,,09.12.2025,employee_1bd2e1ad1c,500,Премия,[redacted_comment]
,,,,,,,,,,,,,,,,,09.12.2025,employee_908545f9b4,500,Премия,[redacted_comment]
,,,,,,,,,,,,,,,,,10.12.2025,employee_1bd2e1ad1c,500,Премия,[redacted_comment]
,,,,,,,,,,,,,,,,,10.12.2025,employee_c82e1942fd,500,Премия,[redacted_comment]
,,,,,,,,,,,,,,,,,10.12.2025,employee_908545f9b4,500,Премия,[redacted_comment]
,,,,,,,,,,,,,,,,,12.12.2025,employee_abf859686b,500,Штрафы и удержания,[redacted_comment]
,,,,,,,,,,,,,,,,,12.12.2025,employee_3fa5f3a2b5,300,Штрафы и удержания,[redacted_comment]
,,,,,,,,,,,,,,,,,12.12.2025,employee_1bd2e1ad1c,300,Штрафы и удержания,[redacted_comment]
,,,,,,,,,,,,,,,,,12.12.2025,employee_c82e1942fd,300,Штрафы и удержания,[redacted_comment]
,,,,,,,,,,,,,,,,,11.12.2025,employee_b3338b123c,200,Премия,[redacted_comment]
,,,,,,,,,,,,,,,,,11.12.2025,employee_a285bf7cad,200,Премия,[redacted_comment]
,,,,,,,,,,,,,,,,,09.12.2025,employee_b3338b123c,300,Премия,[redacted_comment]
,,,,,,,,,,,,,,,,,10.12.2025,employee_b3338b123c,300,Премия,[redacted_comment]
,,,,,,,,,,,,,,,,,11.12.2025,employee_b3338b123c,300,Премия,[redacted_comment]
,,,,,,,,,,,,,,,,,12.12.2025,employee_51247484d7,300,Премия,[redacted_comment]
,,,,,,,,,,,,,,,,,13.12.2025,employee_51247484d7,300,Премия,[redacted_comment]
,,,,,,,,,,,,,,,,,14.12.2025,employee_b3338b123c,300,Премия,[redacted_comment]
,,,,,,,,,,,,,,,,,15.12.2025,employee_b3338b123c,300,Премия,[redacted_comment]
,,,,,,,,,,,,,,,,,12.12.2025,employee_51247484d7,200,Премия,[redacted_comment]
,,,,,,,,,,,,,,,,,15.12.2025,employee_abf859686b,1000,Премия,[redacted_comment]
,,,,,,,,,,,,,,,,,12.12.2025,employee_1bd2e1ad1c,53,Штрафы и удержания,[redacted_comment]
,,,,,,,,,,,,,,,,,12.12.2025,employee_c82e1942fd,96,Штрафы и удержания,[redacted_comment]
,,,,,,,,,,,,,,,,,12.12.2025,employee_abf859686b,65,Штрафы и удержания,[redacted_comment]
,,,,,,,,,,,,,,,,,12.12.2025,employee_908545f9b4,205,Штрафы и удержания,[redacted_comment]
,,,,,,,,,,,,,,,,,15.12.2025,employee_3c4a629691,800,Премия,[redacted_comment]
,,,,,,,,,,,,,,,,,15.12.2025,employee_3fa5f3a2b5,500,Штрафы и удержания,[redacted_comment]
,,,,,,,,,,,,,,,,,22.12.2025,employee_51247484d7,1277,Удержание НДФЛ,[redacted_comment]
,,,,,,,,,,,,,,,,,05.01.2026,employee_51247484d7,1277,Удержание НДФЛ,[redacted_comment]
,,,,,,,,,,,,,,,,,19.12.2025,employee_44aa735d3b,500,Премия,[redacted_comment]
,,,,,,,,,,,,,,,,,19.12.2025,employee_908545f9b4,2000,Премия,[redacted_comment]
,,,,,,,,,,,,,,,,,19.12.2025,employee_1bd2e1ad1c,500,Премия,[redacted_comment]
,,,,,,,,,,,,,,,,,19.12.2025,employee_c82e1942fd,500,Премия,[redacted_comment]
,,,,,,,,,,,,,,,,,20.12.2025,employee_c82e1942fd,239,Штрафы и удержания,[redacted_comment]
,,,,,,,,,,,,,,,,,20.12.2025,employee_44aa735d3b,108,Штрафы и удержания,[redacted_comment]
,,,,,,,,,,,,,,,,,20.12.2025,employee_abf859686b,83,Штрафы и удержания,[redacted_comment]
,,,,,,,,,,,,,,,,,20.12.2025,employee_1bd2e1ad1c,342,Штрафы и удержания,[redacted_comment]
,,,,,,,,,,,,,,,,,20.12.2025,employee_9594b695e2,345,Штрафы и удержания,[redacted_comment]
,,,,,,,,,,,,,,,,,16.12.2025,employee_b3338b123c,300,Премия,[redacted_comment]
,,,,,,,,,,,,,,,,,20.12.2025,employee_b3338b123c,300,Премия,[redacted_comment]
,,,,,,,,,,,,,,,,,21.12.2025,employee_b3338b123c,300,Премия,[redacted_comment]
,,,,,,,,,,,,,,,,,22.12.2025,employee_b3338b123c,300,Премия,[redacted_comment]
,,,,,,,,,,,,,,,,,17.12.2025,employee_51247484d7,300,Премия,[redacted_comment]
,,,,,,,,,,,,,,,,,18.12.2025,employee_51247484d7,300,Премия,[redacted_comment]
,,,,,,,,,,,,,,,,,19.12.2025,employee_51247484d7,300,Премия,[redacted_comment]
,,,,,,,,,,,,,,,,,23.12.2025,employee_3c4a629691,500,Премия,[redacted_comment]
,,,,,,,,,,,,,,,,,23.12.2025,employee_c82e1942fd,110,Штрафы и удержания,[redacted_comment]
,,,,,,,,,,,,,,,,,25.12.2025,employee_44aa735d3b,200,Премия,[redacted_comment]
,,,,,,,,,,,,,,,,,25.12.2025,employee_908545f9b4,500,Премия,[redacted_comment]
,,,,,,,,,,,,,,,,,24.12.2025,employee_62c77ec038,300,Премия,[redacted_comment]
,,,,,,,,,,,,,,,,,29.12.2025,employee_dfa826d51c,3500,Премия,[redacted_comment]
,,,,,,,,,,,,,,,,,23.12.2025,employee_dfa826d51c,3500,Премия,[redacted_comment]
,,,,,,,,,,,,,,,,,24.12.2025,employee_c82e1942fd,1000,Штрафы и удержания,[redacted_comment]
,,,,,,,,,,,,,,,,,29.12.2025,employee_3c4a629691,422,Штрафы и удержания,[redacted_comment]
,,,,,,,,,,,,,,,,,23.12.2025,employee_51247484d7,300,Премия,[redacted_comment]
,,,,,,,,,,,,,,,,,24.12.2025,employee_51247484d7,300,Премия,[redacted_comment]
,,,,,,,,,,,,,,,,,29.12.2025,employee_51247484d7,300,Премия,[redacted_comment]
,,,,,,,,,,,,,,,,,25.12.2025,employee_b3338b123c,300,Премия,[redacted_comment]
,,,,,,,,,,,,,,,,,26.12.2025,employee_b3338b123c,300,Премия,[redacted_comment]
,,,,,,,,,,,,,,,,,27.12.2025,employee_b3338b123c,300,Премия,[redacted_comment]
,,,,,,,,,,,,,,,,,28.12.2025,employee_b3338b123c,300,Премия,[redacted_comment]
,,,,,,,,,,,,,,,,,29.12.2025,employee_dfa826d51c,1560,Штрафы и удержания,[redacted_comment]
,,,,,,,,,,,,,,,,,31.12.2025,employee_51247484d7,200,Премия,[redacted_comment]
,,,,,,,,,,,,,,,,,31.12.2025,employee_2dcfa0649d,200,Премия,[redacted_comment]
,,,,,,,,,,,,,,,,,04.01.2026,employee_c82e1942fd,700,Премия,[redacted_comment]
,,,,,,,,,,,,,,,,,04.01.2026,employee_a321587054,2000,Премия,[redacted_comment]
,,,,,,,,,,,,,,,,,02.01.2026,employee_b3338b123c,300,Премия,[redacted_comment]
,,,,,,,,,,,,,,,,,03.01.2026,employee_b3338b123c,300,Премия,[redacted_comment]
,,,,,,,,,,,,,,,,,04.01.2026,employee_b3338b123c,300,Премия,[redacted_comment]
,,,,,,,,,,,,,,,,,30.12.2025,employee_51247484d7,300,Премия,[redacted_comment]
,,,,,,,,,,,,,,,,,31.12.2025,employee_51247484d7,300,Премия,[redacted_comment]
,,,,,,,,,,,,,,,,,05.01.2026,employee_51247484d7,300,Премия,[redacted_comment]
,,,,,,,,,,,,,,,,,30.12.2025,employee_dfa826d51c,2500,Премия,[redacted_comment]
,,,,,,,,,,,,,,,,,31.12.2025,employee_62c77ec038,1000,Премия,[redacted_comment]
,,,,,,,,,,,,,,,,,31.12.2025,employee_abf859686b,1000,Премия,[redacted_comment]
,,,,,,,,,,,,,,,,,31.12.2025,employee_c82e1942fd,1000,Премия,[redacted_comment]
,,,,,,,,,,,,,,,,,31.12.2025,employee_1bd2e1ad1c,1000,Премия,[redacted_comment]
,,,,,,,,,,,,,,,,,31.12.2025,employee_3c4a629691,400,Премия,[redacted_comment]
,,,,,,,,,,,,,,,,,31.12.2025,employee_908545f9b4,400,Премия,[redacted_comment]
,,,,,,,,,,,,,,,,,05.01.2026,employee_51247484d7,200,Премия,[redacted_comment]
,,,,,,,,,,,,,,,,,05.01.2026,employee_a285bf7cad,200,Премия,[redacted_comment]
,,,,,,,,,,,,,,,,,31.12.2025,employee_a321587054,3000,Премия,[redacted_comment]
,,,,,,,,,,,,,,,,,05.01.2026,employee_dfa826d51c,2500,Премия,[redacted_comment]
,,,,,,,,,,,,,,,,,07.01.2026,employee_3c4a629691,1000,Премия,[redacted_comment]
,,,,,,,,,,,,,,,,,06.01.2026,employee_c82e1942fd,500,Премия,[redacted_comment]
,,,,,,,,,,,,,,,,,06.01.2026,employee_1bd2e1ad1c,500,Премия,[redacted_comment]
,,,,,,,,,,,,,,,,,10.01.2026,employee_9b36065fce,549,Штрафы и удержания,[redacted_comment]
,,,,,,,,,,,,,,,,,10.01.2026,employee_1bd2e1ad1c,263,Штрафы и удержания,[redacted_comment]
,,,,,,,,,,,,,,,,,10.01.2026,employee_62c77ec038,213,Штрафы и удержания,[redacted_comment]
,,,,,,,,,,,,,,,,,10.01.2026,employee_f420556a57,130,Штрафы и удержания,[redacted_comment]
,,,,,,,,,,,,,,,,,10.01.2026,employee_a285bf7cad,40,Штрафы и удержания,[redacted_comment]
,,,,,,,,,,,,,,,,,10.01.2026,employee_abf859686b,1770,Штрафы и удержания,[redacted_comment]
,,,,,,,,,,,,,,,,,10.01.2026,employee_8b0eb48cc4,500,Штрафы и удержания,[redacted_comment]
,,,,,,,,,,,,,,,,,10.01.2026,employee_44aa735d3b,375,Штрафы и удержания,[redacted_comment]
,,,,,,,,,,,,,,,,,12.01.2026,employee_3c4a629691,500,Премия,[redacted_comment]
,,,,,,,,,,,,,,,,,06.01.2026,employee_51247484d7,300,Премия,[redacted_comment]
,,,,,,,,,,,,,,,,,07.01.2026,employee_51247484d7,300,Премия,[redacted_comment]
,,,,,,,,,,,,,,,,,11.01.2026,employee_51247484d7,150,Премия,[redacted_comment]
,,,,,,,,,,,,,,,,,12.01.2026,employee_51247484d7,150,Премия,[redacted_comment]
,,,,,,,,,,,,,,,,,09.01.2026,employee_b3338b123c,300,Премия,[redacted_comment]
,,,,,,,,,,,,,,,,,10.01.2026,employee_b3338b123c,300,Премия,[redacted_comment]
,,,,,,,,,,,,,,,,,11.01.2026,employee_b3338b123c,150,Премия,[redacted_comment]
,,,,,,,,,,,,,,,,,12.01.2026,employee_b3338b123c,150,Премия,[redacted_comment]
,,,,,,,,,,,,,,,,,13.01.2026,employee_f07b0e77a2,444,Штрафы и удержания,[redacted_comment]
,,,,,,,,,,,,,,,,,13.01.2026,employee_c82e1942fd,78,Штрафы и удержания,[redacted_comment]
,,,,,,,,,,,,,,,,,13.01.2026,employee_abf859686b,110,Штрафы и удержания,[redacted_comment]
,,,,,,,,,,,,,,,,,13.01.2026,employee_c82e1942fd,110,Штрафы и удержания,[redacted_comment]
,,,,,,,,,,,,,,,,,13.01.2026,employee_8b0eb48cc4,110,Штрафы и удержания,[redacted_comment]
,,,,,,,,,,,,,,,,,13.01.2026,employee_44aa735d3b,110,Штрафы и удержания,[redacted_comment]
,,,,,,,,,,,,,,,,,13.01.2026,employee_908545f9b4,500,Премия,[redacted_comment]
,,,,,,,,,,,,,,,,,12.01.2026,employee_c82e1942fd,300,Штрафы и удержания,[redacted_comment]
,,,,,,,,,,,,,,,,,15.01.2025,employee_1bd2e1ad1c,200,Штрафы и удержания,[redacted_comment]
,,,,,,,,,,,,,,,,,15.01.2025,employee_c82e1942fd,500,Штрафы и удержания,[redacted_comment]
,,,,,,,,,,,,,,,,,15.01.2025,employee_908545f9b4,500,Премия,[redacted_comment]
,,,,,,,,,,,,,,,,,15.01.2025,employee_1bd2e1ad1c,500,Штрафы и удержания,[redacted_comment]
,,,,,,,,,,,,,,,,,18.01.2026,employee_abf859686b,233,Штрафы и удержания,[redacted_comment]
,,,,,,,,,,,,,,,,,18.01.2026,employee_64c46f16b7,77,Штрафы и удержания,[redacted_comment]
,,,,,,,,,,,,,,,,,18.01.2026,employee_3c4a629691,303,Штрафы и удержания,[redacted_comment]
,,,,,,,,,,,,,,,,,18.01.2026,employee_51247484d7,348,Удержание НДФЛ,[redacted_comment]
,,,,,,,,,,,,,,,,,16.02.2026,employee_51247484d7,1625,Удержание НДФЛ,
,,,,,,,,,,,,,,,,,19.01.2026,employee_3c4a629691,500,Премия,[redacted_comment]
,,,,,,,,,,,,,,,,,13.01.2026,employee_51247484d7,300,Премия,[redacted_comment]
,,,,,,,,,,,,,,,,,17.01.2026,employee_51247484d7,150,Премия,[redacted_comment]
,,,,,,,,,,,,,,,,,18.01.2026,employee_51247484d7,300,Премия,[redacted_comment]
,,,,,,,,,,,,,,,,,19.01.2026,employee_51247484d7,300,Премия,[redacted_comment]
,,,,,,,,,,,,,,,,,16.01.2026,employee_b3338b123c,300,Премия,[redacted_comment]
,,,,,,,,,,,,,,,,,17.01.2026,employee_b3338b123c,160,Премия,[redacted_comment]
,,,,,,,,,,,,,,,,,21.01.2026,employee_908545f9b4,1000,Премия,[redacted_comment]
,,,,,,,,,,,,,,,,,22.01.2026,employee_f420556a57,500,Премия,[redacted_comment]
,,,,,,,,,,,,,,,,,02.02.2026,employee_51247484d7,10000,Больничные и отпуска и пособия,[redacted_comment]
,,,,,,,,,,,,,,,,,21.01.2026,employee_b3338b123c,300,Премия,[redacted_comment]
,,,,,,,,,,,,,,,,,22.01.2026,employee_b3338b123c,300,Премия,[redacted_comment]
,,,,,,,,,,,,,,,,,23.01.2026,employee_b3338b123c,150,Премия,[redacted_comment]
,,,,,,,,,,,,,,,,,26.01.2026,employee_b3338b123c,300,Премия,[redacted_comment]
,,,,,,,,,,,,,,,,,23.01.2026,employee_51247484d7,150,Премия,[redacted_comment]
,,,,,,,,,,,,,,,,,24.01.2026,employee_51247484d7,300,Премия,[redacted_comment]
,,,,,,,,,,,,,,,,,25.01.2026,employee_abf859686b,1000,Премия,[redacted_comment]
,,,,,,,,,,,,,,,,,25.01.2026,employee_62c77ec038,33,Штрафы и удержания,[redacted_comment]
,,,,,,,,,,,,,,,,,25.01.2026,employee_44aa735d3b,140,Штрафы и удержания,[redacted_comment]
,,,,,,,,,,,,,,,,,25.01.2026,employee_53a5b186a9,324,Штрафы и удержания,[redacted_comment]
,,,,,,,,,,,,,,,,,25.01.2026,employee_9b36065fce,173,Штрафы и удержания,[redacted_comment]
,,,,,,,,,,,,,,,,,25.01.2026,employee_64c46f16b7,50,Штрафы и удержания,[redacted_comment]
,,,,,,,,,,,,,,,,,25.01.2026,employee_f07b0e77a2,168,Штрафы и удержания,[redacted_comment]
,,,,,,,,,,,,,,,,,25.01.2026,employee_3c4a629691,1000,Премия,[redacted_comment]
,,,,,,,,,,,,,,,,,25.01.2026,employee_64c46f16b7,200,Премия,[redacted_comment]
,,,,,,,,,,,,,,,,,23.01.2026,employee_dfa826d51c,3300,Премия,
,,,,,,,,,,,,,,,,,25.01.2026,employee_64c46f16b7,1500,Премия,[redacted_comment]
,,,,,,,,,,,,,,,,,28.01.2026,employee_f07b0e77a2,500,Премия,[redacted_comment]
,,,,,,,,,,,,,,,,,29.01.2026,employee_abf859686b,5000,Больничные и отпуска и пособия,[redacted_comment]
,,,,,,,,,,,,,,,,,27.01.2026,employee_b3338b123c,300,Премия,[redacted_comment]
,,,,,,,,,,,,,,,,,28.01.2026,employee_b3338b123c,300,Премия,[redacted_comment]
,,,,,,,,,,,,,,,,,01.02.2026,employee_b3338b123c,300,Премия,[redacted_comment]
,,,,,,,,,,,,,,,,,02.02.2026,employee_b3338b123c,300,Премия,[redacted_comment]
,,,,,,,,,,,,,,,,,29.01.2026,employee_51247484d7,300,Премия,[redacted_comment]
,,,,,,,,,,,,,,,,,30.01.2026,employee_51247484d7,300,Премия,[redacted_comment]
,,,,,,,,,,,,,,,,,31.01.2026,employee_51247484d7,300,Премия,[redacted_comment]
,,,,,,,,,,,,,,,,,31.01.2026,employee_f420556a57,1000,Премия,[redacted_comment]
,,,,,,,,,,,,,,,,,31.01.2026,employee_3c4a629691,1000,Премия,[redacted_comment]
,,,,,,,,,,,,,,,,,31.01.2026,employee_53a5b186a9,500,Штрафы и удержания,[redacted_comment]
,,,,,,,,,,,,,,,,,31.01.2026,employee_3c4a629691,500,Премия,[redacted_comment]
,,,,,,,,,,,,,,,,,31.01.2026,employee_908545f9b4,1000,Премия,[redacted_comment]
,,,,,,,,,,,,,,,,,01.02.2026,employee_b3338b123c,50,Штрафы и удержания,[redacted_comment]
,,,,,,,,,,,,,,,,,01.02.2026,employee_51247484d7,50,Штрафы и удержания,[redacted_comment]
,,,,,,,,,,,,,,,,,01.02.2026,employee_2dcfa0649d,50,Штрафы и удержания,[redacted_comment]
,,,,,,,,,,,,,,,,,01.02.2026,employee_a285bf7cad,50,Штрафы и удержания,[redacted_comment]
,,,,,,,,,,,,,,,,,31.01.2026,employee_dfa826d51c,7300,Премия,[redacted_comment]
,,,,,,,,,,,,,,,,,03.02.2026,employee_abf859686b,550,Штрафы и удержания,[redacted_comment]
,,,,,,,,,,,,,,,,,03.02.2026,employee_f420556a57,200,Штрафы и удержания,[redacted_comment]
,,,,,,,,,,,,,,,,,03.02.2026,employee_44aa735d3b,150,Штрафы и удержания,[redacted_comment]
,,,,,,,,,,,,,,,,,04.02.2026,employee_44aa735d3b,2000,Штрафы и удержания,[redacted_comment]
,,,,,,,,,,,,,,,,,04.02.2026,employee_53a5b186a9,300,Штрафы и удержания,[redacted_comment]
,,,,,,,,,,,,,,,,,06.02.2026,employee_44aa735d3b,5000,Премия,[redacted_comment]
,,,,,,,,,,,,,,,,,06.02.2026,employee_abf859686b,500,Штрафы и удержания,[redacted_comment]
,,,,,,,,,,,,,,,,,06.02.2026,employee_3c4a629691,800,Премия,[redacted_comment]
,,,,,,,,,,,,,,,,,06.02.2026,employee_62c77ec038,109,Штрафы и удержания,[redacted_comment]
,,,,,,,,,,,,,,,,,06.02.2026,employee_64c46f16b7,182,Штрафы и удержания,[redacted_comment]
,,,,,,,,,,,,,,,,,06.02.2026,employee_9b36065fce,198,Штрафы и удержания,[redacted_comment]
,,,,,,,,,,,,,,,,,03.02.2026,employee_b3338b123c,300,Премия,[redacted_comment]
,,,,,,,,,,,,,,,,,04.02.2026,employee_b3338b123c,300,Премия,[redacted_comment]
,,,,,,,,,,,,,,,,,08.02.2026,employee_b3338b123c,300,Премия,[redacted_comment]
,,,,,,,,,,,,,,,,,09.02.2026,employee_b3338b123c,300,Премия,[redacted_comment]
,,,,,,,,,,,,,,,,,12.02.2026,employee_51247484d7,150,Премия,[redacted_comment]
,,,,,,,,,,,,,,,,,10.02.2026,employee_b3338b123c,300,Премия,[redacted_comment]
,,,,,,,,,,,,,,,,,15.02.2026,employee_b3338b123c,300,Премия,[redacted_comment]
,,,,,,,,,,,,,,,,,16.02.2026,employee_b3338b123c,300,Премия,[redacted_comment]
,,,,,,,,,,,,,,,,,12.02.2026,employee_51247484d7,300,Премия,[redacted_comment]
,,,,,,,,,,,,,,,,,13.02.2026,employee_51247484d7,300,Премия,[redacted_comment]
,,,,,,,,,,,,,,,,,14.02.2026,employee_51247484d7,300,Премия,[redacted_comment]
,,,,,,,,,,,,,,,,,14.02.2026,employee_32048cf02a,500,Штрафы и удержания,[redacted_comment]
,,,,,,,,,,,,,,,,,14.02.2026,employee_9b36065fce,320,Штрафы и удержания,[redacted_comment]
,,,,,,,,,,,,,,,,,16.02.2026,employee_3c4a629691,500,Премия,[redacted_comment]
,,,,,,,,,,,,,,,,,16.02.2026,employee_44aa735d3b,500,Штрафы и удержания,[redacted_comment]
,,,,,,,,,,,,,,,,,14.02.2026,employee_dfa826d51c,4000,Премия,[redacted_comment]
,,,,,,,,,,,,,,,,,16.02.2026,employee_abf859686b,2000,Премия,[redacted_comment]
,,,,,,,,,,,,,,,,,18.02.2026,employee_abf859686b,200,Премия,[redacted_comment]
,,,,,,,,,,,,,,,,,17.02.2026,employee_f420556a57,500,Премия,[redacted_comment]
,,,,,,,,,,,,,,,,,18.02.2026,employee_f420556a57,500,Премия,[redacted_comment]
,,,,,,,,,,,,,,,,,20.02.2026,employee_908545f9b4,2000,Премия,[redacted_comment]
,,,,,,,,,,,,,,,,,23.02.2026,employee_15b9fd024a,500,Премия,[redacted_comment]
,,,,,,,,,,,,,,,,,23.02.2026,employee_3c4a629691,300,Премия,[redacted_comment]
,,,,,,,,,,,,,,,,,23.02.2026,employee_dfa826d51c,4000,Премия,[redacted_comment]
,,,,,,,,,,,,,,,,,17.02.2026,employee_b3338b123c,300,Премия,[redacted_comment]
,,,,,,,,,,,,,,,,,21.02.2026,employee_b3338b123c,300,Премия,[redacted_comment]
,,,,,,,,,,,,,,,,,22.02.2026,employee_b3338b123c,300,Премия,[redacted_comment]
,,,,,,,,,,,,,,,,,23.02.2026,employee_b3338b123c,300,Премия,[redacted_comment]
,,,,,,,,,,,,,,,,,18.02.2026,employee_51247484d7,300,Премия,[redacted_comment]
,,,,,,,,,,,,,,,,,19.02.2026,employee_51247484d7,300,Премия,[redacted_comment]
,,,,,,,,,,,,,,,,,20.02.2026,employee_51247484d7,300,Премия,[redacted_comment]
,,,,,,,,,,,,,,,,,21.02.2026,employee_abf859686b,500,Штрафы и удержания,[redacted_comment]
,,,,,,,,,,,,,,,,,24.02.2026,employee_64c46f16b7,80,Штрафы и удержания,[redacted_comment]
,,,,,,,,,,,,,,,,,24.02.2026,employee_9b36065fce,50,Штрафы и удержания,[redacted_comment]
,,,,,,,,,,,,,,,,,24.02.2026,employee_3c4a629691,300,Штрафы и удержания,[redacted_comment]
,,,,,,,,,,,,,,,,,24.02.2026,employee_9b36065fce,500,Штрафы и удержания,[redacted_comment]
,,,,,,,,,,,,,,,,,01.03.2026,employee_3c4a629691,1500,Премия,[redacted_comment]
,,,,,,,,,,,,,,,,,01.03.2026,employee_908545f9b4,1000,Премия,[redacted_comment]
,,,,,,,,,,,,,,,,,24.02.2026,employee_51247484d7,300,Премия,[redacted_comment]
,,,,,,,,,,,,,,,,,25.02.2026,employee_51247484d7,300,Премия,[redacted_comment]
,,,,,,,,,,,,,,,,,26.02.2026,employee_51247484d7,300,Премия,[redacted_comment]
,,,,,,,,,,,,,,,,,27.02.2026,employee_b3338b123c,300,Премия,[redacted_comment]
,,,,,,,,,,,,,,,,,28.02.2026,employee_b3338b123c,300,Премия,[redacted_comment]
,,,,,,,,,,,,,,,,,01.03.2026,employee_b3338b123c,300,Премия,[redacted_comment]
,,,,,,,,,,,,,,,,,02.03.2026,employee_51247484d7,300,Премия,[redacted_comment]
,,,,,,,,,,,,,,,,,01.03.2026,employee_924cd1265f,500,Штрафы и удержания,[redacted_comment]
,,,,,,,,,,,,,,,,,01.03.2026,employee_9b36065fce,215,Штрафы и удержания,[redacted_comment]
,,,,,,,,,,,,,,,,,01.03.2026,employee_64c46f16b7,90,Штрафы и удержания,[redacted_comment]
,,,,,,,,,,,,,,,,,01.03.2026,employee_15b9fd024a,160,Штрафы и удержания,[redacted_comment]
,,,,,,,,,,,,,,,,,01.03.2026,employee_924cd1265f,420,Штрафы и удержания,[redacted_comment]
,,,,,,,,,,,,,,,,,02.03.2026,employee_53a5b186a9,300,Премия,[redacted_comment]
,,,,,,,,,,,,,,,,,02.03.2026,employee_b3338b123c,75,Штрафы и удержания,[redacted_comment]
,,,,,,,,,,,,,,,,,02.03.2026,employee_51247484d7,75,Штрафы и удержания,[redacted_comment]
,,,,,,,,,,,,,,,,,02.03.2026,employee_2dcfa0649d,75,Штрафы и удержания,[redacted_comment]
,,,,,,,,,,,,,,,,,02.03.2026,employee_a285bf7cad,75,Штрафы и удержания,[redacted_comment]
,,,,,,,,,,,,,,,,,03.03.2026,employee_64c46f16b7,1000,Премия,[redacted_comment]
,,,,,,,,,,,,,,,,,03.03.2026,employee_15b9fd024a,1000,Премия,[redacted_comment]
,,,,,,,,,,,,,,,,,03.03.2026,employee_15b9fd024a,500,Премия,[redacted_comment]
,,,,,,,,,,,,,,,,,03.03.2026,employee_53a5b186a9,800,Премия,[redacted_comment]
,,,,,,,,,,,,,,,,,03.03.2026,employee_908545f9b4,1500,Премия,[redacted_comment]
,,,,,,,,,,,,,,,,,04.03.2026,employee_9b36065fce,500,Премия,[redacted_comment]
,,,,,,,,,,,,,,,,,04.03.2026,employee_15b9fd024a,800,Премия,[redacted_comment]
,,,,,,,,,,,,,,,,,06.03.2026,employee_a321587054,5000,Премия,[redacted_comment]
,,,,,,,,,,,,,,,,,07.03.2026,employee_a321587054,12500,Премия,[redacted_comment]
,,,,,,,,,,,,,,,,,07.03.2026,employee_dfa826d51c,12000,Премия,[redacted_comment]
,,,,,,,,,,,,,,,,,07.03.2026,employee_3c4a629691,500,Премия,[redacted_comment]
,,,,,,,,,,,,,,,,,07.03.2026,employee_908545f9b4,500,Премия,[redacted_comment]
,,,,,,,,,,,,,,,,,08.03.2026,employee_53a5b186a9,500,Премия,[redacted_comment]
,,,,,,,,,,,,,,,,,08.03.2026,employee_15b9fd024a,500,Премия,[redacted_comment]
,,,,,,,,,,,,,,,,,08.03.2026,employee_62c77ec038,500,Премия,[redacted_comment]
,,,,,,,,,,,,,,,,,08.03.2026,employee_9b36065fce,500,Премия,[redacted_comment]
,,,,,,,,,,,,,,,,,05.03.2026,employee_b3338b123c,300,Премия,[redacted_comment]
,,,,,,,,,,,,,,,,,06.03.2026,employee_b3338b123c,300,Премия,[redacted_comment]
,,,,,,,,,,,,,,,,,07.03.2026,employee_b3338b123c,300,Премия,[redacted_comment]
,,,,,,,,,,,,,,,,,08.03.2026,employee_b3338b123c,150,Премия,[redacted_comment]
,,,,,,,,,,,,,,,,,04.03.2026,employee_51247484d7,300,Премия,[redacted_comment]
,,,,,,,,,,,,,,,,,08.03.2026,employee_51247484d7,150,Премия,[redacted_comment]
,,,,,,,,,,,,,,,,,09.03.2026,employee_51247484d7,300,Премия,[redacted_comment]
,,,,,,,,,,,,,,,,,09.03.2026,employee_51247484d7,1625,Удержание НДФЛ,
,,,,,,,,,,,,,,,,,08.03.2026,employee_b3338b123c,200,Премия,[redacted_comment]
,,,,,,,,,,,,,,,,,08.03.2026,employee_51247484d7,200,Премия,[redacted_comment]
,,,,,,,,,,,,,,,,,08.03.2026,employee_2dcfa0649d,200,Премия,[redacted_comment]
,,,,,,,,,,,,,,,,,08.03.2026,employee_a285bf7cad,200,Премия,[redacted_comment]
,,,,,,,,,,,,,,,,,08.03.2026,employee_62c77ec038,1000,Премия,[redacted_comment]
,,,,,,,,,,,,,,,,,08.03.2026,employee_3c4a629691,1000,Премия,[redacted_comment]
,,,,,,,,,,,,,,,,,08.03.2026,employee_53a5b186a9,1000,Премия,[redacted_comment]
,,,,,,,,,,,,,,,,,08.03.2026,employee_15b9fd024a,1000,Премия,[redacted_comment]
,,,,,,,,,,,,,,,,,08.03.2026,employee_9b36065fce,700,Премия,[redacted_comment]
,,,,,,,,,,,,,,,,,09.03.2026,employee_f420556a57,500,Премия,[redacted_comment]
,,,,,,,,,,,,,,,,,08.03.2026,employee_908545f9b4,300,Премия,[redacted_comment]
,,,,,,,,,,,,,,,,,10.03.2026,employee_908545f9b4,1500,Премия,[redacted_comment]
,,,,,,,,,,,,,,,,,10.03.2026,employee_15b9fd024a,500,Премия,[redacted_comment]
,,,,,,,,,,,,,,,,,11.03.2026,employee_dfa826d51c,12200,Премия,[redacted_comment]
,,,,,,,,,,,,,,,,,11.03.2026,employee_53a5b186a9,750,Премия,[redacted_comment]
,,,,,,,,,,,,,,,,,16.03.2026,employee_15b9fd024a,1500,Премия,[redacted_comment]
,,,,,,,,,,,,,,,,,16.03.2026,employee_f420556a57,500,Премия,[redacted_comment]
,,,,,,,,,,,,,,,,,14.03.2026,employee_9b36065fce,56,Штрафы и удержания,[redacted_comment]
,,,,,,,,,,,,,,,,,10.03.2026,employee_51247484d7,300,Премия,[redacted_comment]
,,,,,,,,,,,,,,,,,14.03.2026,employee_51247484d7,300,Премия,[redacted_comment]
,,,,,,,,,,,,,,,,,15.03.2026,employee_51247484d7,300,Премия,[redacted_comment]
,,,,,,,,,,,,,,,,,16.03.2026,employee_51247484d7,300,Премия,[redacted_comment]
,,,,,,,,,,,,,,,,,11.03.2026,employee_b3338b123c,300,Премия,[redacted_comment]
,,,,,,,,,,,,,,,,,12.03.2026,employee_b3338b123c,300,Премия,[redacted_comment]
,,,,,,,,,,,,,,,,,13.03.2026,employee_b3338b123c,300,Премия,[redacted_comment]
,,,,,,,,,,,,,,,,,16.03.2026,employee_3c4a629691,500,Премия,[redacted_comment]
,,,,,,,,,,,,,,,,,19.03.2026,employee_53a5b186a9,500,Премия,[redacted_comment]
,,,,,,,,,,,,,,,,,19.03.2026,employee_9b36065fce,500,Премия,[redacted_comment]
,,,,,,,,,,,,,,,,,22.03.2026,employee_15b9fd024a,340,Штрафы и удержания,[redacted_comment]
,,,,,,,,,,,,,,,,,22.03.2026,employee_5f0f16a52b,110,Штрафы и удержания,[redacted_comment]
,,,,,,,,,,,,,,,,,22.03.2026,employee_9b36065fce,134,Штрафы и удержания,[redacted_comment]
,,,,,,,,,,,,,,,,,22.03.2026,employee_3c4a629691,1000,Премия,[redacted_comment]
,,,,,,,,,,,,,,,,,22.03.2026,employee_15b9fd024a,1500,Премия,[redacted_comment]
,,,,,,,,,,,,,,,,,22.03.2026,employee_035a618100,600,Премия,[redacted_comment]
,,,,,,,,,,,,,,,,,22.03.2026,employee_53a5b186a9,1000,Премия,[redacted_comment]
,,,,,,,,,,,,,,,,,22.03.2026,employee_908545f9b4,1500,Премия,[redacted_comment]
,,,,,,,,,,,,,,,,,22.03.2026,employee_9b36065fce,500,Премия,[redacted_comment]
,,,,,,,,,,,,,,,,,22.03.2026,employee_15b9fd024a,500,Премия,[redacted_comment]
,,,,,,,,,,,,,,,,,22.03.2026,employee_f420556a57,500,Премия,[redacted_comment]
,,,,,,,,,,,,,,,,,17.03.2026,employee_b3338b123c,300,Премия,[redacted_comment]
,,,,,,,,,,,,,,,,,18.03.2026,employee_b3338b123c,300,Премия,[redacted_comment]
,,,,,,,,,,,,,,,,,19.03.2026,employee_b3338b123c,300,Премия,[redacted_comment]
,,,,,,,,,,,,,,,,,23.03.2026,employee_b3338b123c,300,Премия,[redacted_comment]
,,,,,,,,,,,,,,,,,20.03.2026,employee_51247484d7,300,Премия,[redacted_comment]
,,,,,,,,,,,,,,,,,21.03.2026,employee_51247484d7,300,Премия,[redacted_comment]
,,,,,,,,,,,,,,,,,22.03.2026,employee_51247484d7,300,Премия,[redacted_comment]
,,,,,,,,,,,,,,,,,22.03.2026,employee_5f0f16a52b,2000,Штрафы и удержания,[redacted_comment]
,,,,,,,,,,,,,,,,,18.03.2026,employee_dfa826d51c,4000,Премия,[redacted_comment]
,,,,,,,,,,,,,,,,,30.03.2026,employee_51247484d7,1625,Удержание НДФЛ,
,,,,,,,,,,,,,,,,,28.03.2026,employee_f420556a57,402,Штрафы и удержания,[redacted_comment]
,,,,,,,,,,,,,,,,,28.03.2026,employee_035a618100,250,Штрафы и удержания,[redacted_comment]
,,,,,,,,,,,,,,,,,28.03.2026,employee_15b9fd024a,55,Штрафы и удержания,[redacted_comment]
,,,,,,,,,,,,,,,,,28.03.2026,employee_9b36065fce,55,Штрафы и удержания,[redacted_comment]
,,,,,,,,,,,,,,,,,28.03.2026,employee_3c4a629691,1000,Премия,[redacted_comment]
,,,,,,,,,,,,,,,,,28.03.2026,employee_908545f9b4,1500,Премия,[redacted_comment]
,,,,,,,,,,,,,,,,,28.03.2026,employee_15b9fd024a,1500,Премия,[redacted_comment]
,,,,,,,,,,,,,,,,,24.03.2026,employee_b3338b123c,300,Премия,[redacted_comment]
,,,,,,,,,,,,,,,,,25.03.2026,employee_b3338b123c,300,Премия,[redacted_comment]
,,,,,,,,,,,,,,,,,29.03.2026,employee_b3338b123c,300,Премия,[redacted_comment]
,,,,,,,,,,,,,,,,,30.03.2026,employee_b3338b123c,300,Премия,[redacted_comment]
,,,,,,,,,,,,,,,,,26.03.2026,employee_51247484d7,300,Премия,[redacted_comment]
,,,,,,,,,,,,,,,,,27.03.2026,employee_51247484d7,300,Премия,[redacted_comment]
,,,,,,,,,,,,,,,,,28.03.2026,employee_51247484d7,300,Премия,[redacted_comment]
,,,,,,,,,,,,,,,,,31.03.2026,employee_15b9fd024a,500,Премия,[redacted_comment]
,,,,,,,,,,,,,,,,,31.03.2026,employee_9b36065fce,500,Премия,[redacted_comment]
,,,,,,,,,,,,,,,,,31.03.2026,employee_908545f9b4,500,Премия,[redacted_comment]
,,,,,,,,,,,,,,,,,01.04.2026,employee_53a5b186a9,800,Премия,[redacted_comment]
,,,,,,,,,,,,,,,,,01.04.2026,employee_035a618100,500,Премия,[redacted_comment]
,,,,,,,,,,,,,,,,,01.04.2026,employee_908545f9b4,500,Премия,[redacted_comment]
,,,,,,,,,,,,,,,,,31.03.2026,employee_b3338b123c,200,Премия,[redacted_comment]
,,,,,,,,,,,,,,,,,31.03.2026,employee_2dcfa0649d,200,Премия,[redacted_comment]
,,,,,,,,,,,,,,,,,31.03.2026,employee_908545f9b4,200,Премия,[redacted_comment]
,,,,,,,,,,,,,,,,,31.03.2026,employee_9b36065fce,200,Премия,[redacted_comment]
,,,,,,,,,,,,,,,,,31.03.2026,employee_15b9fd024a,200,Премия,[redacted_comment]
,,,,,,,,,,,,,,,,,31.03.2026,employee_f2a23819d8,200,Премия,[redacted_comment]
,,,,,,,,,,,,,,,,,31.03.2026,employee_b3338b123c,300,Премия,[redacted_comment]
,,,,,,,,,,,,,,,,,04.04.2026,employee_b3338b123c,300,Премия,[redacted_comment]
,,,,,,,,,,,,,,,,,05.04.2026,employee_b3338b123c,300,Премия,[redacted_comment]
,,,,,,,,,,,,,,,,,06.04.2026,employee_b3338b123c,300,Премия,[redacted_comment]
,,,,,,,,,,,,,,,,,01.04.2026,employee_51247484d7,300,Премия,[redacted_comment]
,,,,,,,,,,,,,,,,,02.04.2026,employee_51247484d7,300,Премия,[redacted_comment]
,,,,,,,,,,,,,,,,,03.04.2026,employee_51247484d7,300,Премия,[redacted_comment]
,,,,,,,,,,,,,,,,,01.04.2026,employee_b3338b123c,205,Штрафы и удержания,[redacted_comment]
,,,,,,,,,,,,,,,,,01.04.2026,employee_51247484d7,205,Штрафы и удержания,[redacted_comment]
,,,,,,,,,,,,,,,,,01.04.2026,employee_2dcfa0649d,205,Штрафы и удержания,[redacted_comment]
,,,,,,,,,,,,,,,,,01.04.2026,employee_a285bf7cad,205,Штрафы и удержания,[redacted_comment]
,,,,,,,,,,,,,,,,,03.04.2026,employee_15b9fd024a,68,Штрафы и удержания,[redacted_comment]
,,,,,,,,,,,,,,,,,04.04.2026,employee_035a618100,100,Штрафы и удержания,[redacted_comment]
,,,,,,,,,,,,,,,,,05.04.2026,employee_f420556a57,110,Штрафы и удержания,[redacted_comment]
,,,,,,,,,,,,,,,,,05.04.2026,employee_53a5b186a9,5000,Премия,[redacted_comment]
,,,,,,,,,,,,,,,,,05.04.2026,employee_f420556a57,10000,Премия,[redacted_comment]
,,,,,,,,,,,,,,,,,05.04.2026,employee_15b9fd024a,1200,Премия,[redacted_comment]
,,,,,,,,,,,,,,,,,05.04.2026,employee_3c4a629691,1000,Премия,[redacted_comment]
,,,,,,,,,,,,,,,,,05.04.2026,employee_908545f9b4,500,Премия,[redacted_comment]
,,,,,,,,,,,,,,,,,05.04.2026,employee_9b36065fce,500,Премия,[redacted_comment]
,,,,,,,,,,,,,,,,,05.04.2026,employee_15b9fd024a,500,Премия,[redacted_comment]
,,,,,,,,,,,,,,,,,12.04.2026,employee_035a618100,500,Премия,[redacted_comment]
,,,,,,,,,,,,,,,,,12.04.2026,employee_53a5b186a9,1000,Премия,[redacted_comment]
,,,,,,,,,,,,,,,,,12.04.2026,employee_3c4a629691,1000,Премия,[redacted_comment]
,,,,,,,,,,,,,,,,,12.04.2026,employee_15b9fd024a,1700,Премия,[redacted_comment]
,,,,,,,,,,,,,,,,,12.04.2026,employee_908545f9b4,1500,Премия,[redacted_comment]
,,,,,,,,,,,,,,,,,07.04.2026,employee_51247484d7,300,Премия,[redacted_comment]
,,,,,,,,,,,,,,,,,08.04.2026,employee_51247484d7,300,Премия,[redacted_comment]
,,,,,,,,,,,,,,,,,09.04.2026,employee_51247484d7,300,Премия,[redacted_comment]
,,,,,,,,,,,,,,,,,12.04.2026,employee_51247484d7,300,Премия,[redacted_comment]
,,,,,,,,,,,,,,,,,13.04.2026,employee_51247484d7,300,Премия,[redacted_comment]
,,,,,,,,,,,,,,,,,10.04.2026,employee_b3338b123c,300,Премия,[redacted_comment]
,,,,,,,,,,,,,,,,,11.04.2026,employee_b3338b123c,300,Премия,[redacted_comment]
,,,,,,,,,,,,,,,,,13.04.2026,employee_51247484d7,1625,Удержание НДФЛ,
,,,,,,,,,,,,,,,,,14.04.2026,employee_f420556a57,500,Премия,[redacted_comment]
,,,,,,,,,,,,,,,,,14.04.2026,employee_53a5b186a9,1000,Премия,[redacted_comment]
,,,,,,,,,,,,,,,,,14.04.2026,employee_035a618100,500,Премия,[redacted_comment]
,,,,,,,,,,,,,,,,,14.04.2026,employee_f420556a57,160,Штрафы и удержания,[redacted_comment]
,,,,,,,,,,,,,,,,,14.04.2026,employee_15b9fd024a,190,Штрафы и удержания,[redacted_comment]
,,,,,,,,,,,,,,,,,14.04.2026,employee_62c77ec038,1000,Премия,[redacted_comment]
,,,,,,,,,,,,,,,,,20.04.2026,employee_a285bf7cad,1000,Штрафы и удержания,[redacted_comment]
,,,,,,,,,,,,,,,,,20.04.2026,employee_51247484d7,1625,Удержание НДФЛ,
,,,,,,,,,,,,,,,,,16.04.2026,employee_b3338b123c,300,Премия,[redacted_comment]
,,,,,,,,,,,,,,,,,17.04.2026,employee_b3338b123c,300,Премия,[redacted_comment]
,,,,,,,,,,,,,,,,,18.04.2026,employee_b3338b123c,300,Премия,[redacted_comment]
,,,,,,,,,,,,,,,,,14.04.2026,employee_51247484d7,300,Премия,[redacted_comment]
,,,,,,,,,,,,,,,,,15.04.2026,employee_51247484d7,300,Премия,[redacted_comment]
,,,,,,,,,,,,,,,,,19.04.2026,employee_51247484d7,300,Премия,[redacted_comment]
,,,,,,,,,,,,,,,,,20.04.2026,employee_51247484d7,300,Премия,[redacted_comment]
,,,,,,,,,,,,,,,,,19.04.2026,employee_53a5b186a9,120,Штрафы и удержания,[redacted_comment]
,,,,,,,,,,,,,,,,,19.04.2026,employee_15b9fd024a,60,Штрафы и удержания,[redacted_comment]
,,,,,,,,,,,,,,,,,19.04.2026,employee_9b36065fce,190,Штрафы и удержания,[redacted_comment]
,,,,,,,,,,,,,,,,,19.04.2026,employee_f420556a57,60,Штрафы и удержания,[redacted_comment]
,,,,,,,,,,,,,,,,,19.04.2026,employee_908545f9b4,1500,Премия,[redacted_comment]
,,,,,,,,,,,,,,,,,19.04.2026,employee_53a5b186a9,1000,Премия,[redacted_comment]
,,,,,,,,,,,,,,,,,19.04.2026,employee_035a618100,500,Премия,[redacted_comment]
,,,,,,,,,,,,,,,,,19.04.2026,employee_9b36065fce,500,Премия,[redacted_comment]
,,,,,,,,,,,,,,,,,19.04.2026,employee_f2a23819d8,300,Премия,[redacted_comment]
,,,,,,,,,,,,,,,,,19.04.2026,employee_3c4a629691,1000,Премия,[redacted_comment]
,,,,,,,,,,,,,,,,,19.04.2026,employee_8b0eb48cc4,500,Премия,[redacted_comment]
,,,,,,,,,,,,,,,,,21.04.2026,employee_15b9fd024a,2000,Премия,[redacted_comment]
,,,,,,,,,,,,,,,,,21.04.2026,employee_9b36065fce,1000,Премия,[redacted_comment]
,,,,,,,,,,,,,,,,,22.04.2026,employee_15b9fd024a,500,Премия,[redacted_comment]
,,,,,,,,,,,,,,,,,22.04.2026,employee_f420556a57,500,Премия,[redacted_comment]
,,,,,,,,,,,,,,,,,22.04.2026,employee_908545f9b4,1300,Премия,[redacted_comment]
,,,,,,,,,,,,,,,,,21.04.2026,employee_53a5b186a9,500,Премия,[redacted_comment]
,,,,,,,,,,,,,,,,,21.04.2026,employee_035a618100,500,Премия,[redacted_comment]
,,,,,,,,,,,,,,,,,27.04.2026,employee_51247484d7,3250,Удержание НДФЛ,
,,,,,,,,,,,,,,,,,27.04.2026,employee_3c4a629691,1000,Премия,[redacted_comment]
,,,,,,,,,,,,,,,,,27.04.2026,employee_15b9fd024a,1500,Премия,[redacted_comment]
,,,,,,,,,,,,,,,,,22.04.2026,employee_b3338b123c,300,Премия,[redacted_comment]
,,,,,,,,,,,,,,,,,23.04.2026,employee_b3338b123c,300,Премия,[redacted_comment]
,,,,,,,,,,,,,,,,,24.04.2026,employee_b3338b123c,300,Премия,[redacted_comment]
,,,,,,,,,,,,,,,,,21.04.2026,employee_51247484d7,300,Премия,[redacted_comment]
,,,,,,,,,,,,,,,,,25.04.2026,employee_51247484d7,300,Премия,[redacted_comment]
,,,,,,,,,,,,,,,,,26.04.2026,employee_51247484d7,300,Премия,[redacted_comment]
,,,,,,,,,,,,,,,,,27.04.2026,employee_51247484d7,300,Премия,[redacted_comment]
,,,,,,,,,,,,,,,,,27.04.2026,employee_f420556a57,300,Премия,[redacted_comment]
,,,,,,,,,,,,,,,,,25.04.2026,employee_9b36065fce,170,Штрафы и удержания,[redacted_comment]
,,,,,,,,,,,,,,,,,25.04.2026,employee_15b9fd024a,65,Штрафы и удержания,[redacted_comment]
,,,,,,,,,,,,,,,,,26.04.2026,employee_9b36065fce,55,Штрафы и удержания,[redacted_comment]
,,,,,,,,,,,,,,,,,26.04.2026,employee_44aa735d3b,55,Штрафы и удержания,[redacted_comment]
,,,,,,,,,,,,,,,,,26.04.2026,employee_f420556a57,55,Штрафы и удержания,[redacted_comment]
,,,,,,,,,,,,,,,,,25.04.2026,employee_51247484d7,800,Удержание НДФЛ,
,,,,,,,,,,,,,,,,,29.04.2026,employee_b3338b123c,660,Штрафы и удержания,[redacted_comment]
,,,,,,,,,,,,,,,,,28.04.2026,employee_b3338b123c,300,Премия,[redacted_comment]
,,,,,,,,,,,,,,,,,29.04.2026,employee_b3338b123c,300,Премия,[redacted_comment]
,,,,,,,,,,,,,,,,,30.04.2026,employee_b3338b123c,300,Премия,[redacted_comment]
,,,,,,,,,,,,,,,,,01.05.2026,employee_b3338b123c,300,Премия,[redacted_comment]
,,,,,,,,,,,,,,,,,02.05.2026,employee_b3338b123c,300,Премия,[redacted_comment]
,,,,,,,,,,,,,,,,,03.05.2026,employee_b3338b123c,300,Премия,[redacted_comment]
,,,,,,,,,,,,,,,,,28.04.2026,employee_9b36065fce,181,Штрафы и удержания,[redacted_comment]
,,,,,,,,,,,,,,,,,29.04.2026,employee_9b36065fce,65,Штрафы и удержания,[redacted_comment]
,,,,,,,,,,,,,,,,,30.04.2026,employee_9b36065fce,50,Штрафы и удержания,[redacted_comment]
,,,,,,,,,,,,,,,,,30.04.2026,employee_15b9fd024a,125,Штрафы и удержания,[redacted_comment]
,,,,,,,,,,,,,,,,,03.05.2026,employee_15b9fd024a,1500,Премия,[redacted_comment]
,,,,,,,,,,,,,,,,,03.05.2026,employee_8b0eb48cc4,500,Премия,[redacted_comment]
,,,,,,,,,,,,,,,,,03.05.2026,employee_f2a23819d8,300,Штрафы и удержания,[redacted_comment]
,,,,,,,,,,,,,,,,,03.05.2026,employee_908545f9b4,1500,Премия,[redacted_comment]
,,,,,,,,,,,,,,,,,03.05.2026,employee_3c4a629691,1000,Премия,[redacted_comment]
,,,,,,,,,,,,,,,,,03.05.2026,employee_f420556a57,700,Премия,[redacted_comment]
,,,,,,,,,,,,,,,,,09.05.2026,employee_44aa735d3b,300,Штрафы и удержания,[redacted_comment]
,,,,,,,,,,,,,,,,,09.05.2026,employee_b0e5843216,300,Штрафы и удержания,[redacted_comment]
,,,,,,,,,,,,,,,,,10.05.2026,employee_f420556a57,500,Премия,[redacted_comment]
,,,,,,,,,,,,,,,,,10.05.2026,employee_908545f9b4,1000,Премия,[redacted_comment]
,,,,,,,,,,,,,,,,,10.05.2026,employee_3c4a629691,1000,Премия,[redacted_comment]
,,,,,,,,,,,,,,,,,07.05.2026,employee_b3338b123c,300,Премия,[redacted_comment]
,,,,,,,,,,,,,,,,,08.05.2026,employee_b3338b123c,300,Премия,[redacted_comment]
,,,,,,,,,,,,,,,,,09.05.2026,employee_b3338b123c,300,Премия,[redacted_comment]
,,,,,,,,,,,,,,,,,10.05.2026,employee_b3338b123c,300,Премия,[redacted_comment]
,,,,,,,,,,,,,,,,,07.05.2026,employee_b3338b123c,200,Премия,[redacted_comment]
,,,,,,,,,,,,,,,,,07.05.2026,employee_a285bf7cad,200,Премия,[redacted_comment]
,,,,,,,,,,,,,,,,,10.05.2026,employee_3c4a629691,191,Штрафы и удержания,[redacted_comment]
,,,,,,,,,,,,,,,,,10.05.2026,employee_b0e5843216,80,Штрафы и удержания,[redacted_comment]
,,,,,,,,,,,,,,,,,10.05.2026,employee_15b9fd024a,90,Штрафы и удержания,[redacted_comment]
,,,,,,,,,,,,,,,,,10.05.2026,employee_9b36065fce,100,Штрафы и удержания,[redacted_comment]
,,,,,,,,,,,,,,,,,10.05.2026,employee_f420556a57,30,Штрафы и удержания,[redacted_comment]
,,,,,,,,,,,,,,,,,10.05.2026,employee_f2a23819d8,100,Штрафы и удержания,[redacted_comment]
,,,,,,,,,,,,,,,,,09.05.2026,employee_f420556a57,5000,Премия,[redacted_comment]
,,,,,,,,,,,,,,,,,09.05.2026,employee_a285bf7cad,60,Штрафы и удержания,[redacted_comment]
,,,,,,,,,,,,,,,,,09.05.2026,employee_8b0eb48cc4,300,Премия,[redacted_comment]
,,,,,,,,,,,,,,,,,12.05.2026,employee_15b9fd024a,1500,Премия,[redacted_comment]
,,,,,,,,,,,,,,,,,15.05.2026,employee_9b36065fce,300,Штрафы и удержания,[redacted_comment]
,,,,,,,,,,,,,,,,,13.05.2026,employee_2dcfa0649d,200,Премия,[redacted_comment]
,,,,,,,,,,,,,,,,,13.05.2026,employee_a285bf7cad,200,Премия,[redacted_comment]
,,,,,,,,,,,,,,,,,17.05.2026,employee_b0e5843216,700,Штрафы и удержания,[redacted_comment]
,,,,,,,,,,,,,,,,,17.05.2026,employee_9b36065fce,600,Штрафы и удержания,[redacted_comment]
,,,,,,,,,,,,,,,,,17.05.2026,employee_f420556a57,600,Штрафы и удержания,[redacted_comment]
,,,,,,,,,,,,,,,,,17.05.2026,employee_44aa735d3b,600,Штрафы и удержания,[redacted_comment]
,,,,,,,,,,,,,,,,,17.05.2026,employee_a285bf7cad,150,Штрафы и удержания,[redacted_comment]
,,,,,,,,,,,,,,,,,15.05.2026,employee_15b9fd024a,500,Премия,[redacted_comment]
,,,,,,,,,,,,,,,,,17.05.2026,employee_9b36065fce,200,Штрафы и удержания,[redacted_comment]
,,,,,,,,,,,,,,,,,17.05.2026,employee_f420556a57,320,Штрафы и удержания,[redacted_comment]
,,,,,,,,,,,,,,,,,17.05.2026,employee_15b9fd024a,80,Штрафы и удержания,[redacted_comment]
,,,,,,,,,,,,,,,,,15.05.2026,employee_b3338b123c,300,Премия,[redacted_comment]
,,,,,,,,,,,,,,,,,16.05.2026,employee_b3338b123c,300,Премия,[redacted_comment]
,,,,,,,,,,,,,,,,,17.05.2026,employee_b3338b123c,300,Премия,[redacted_comment]
,,,,,,,,,,,,,,,,,19.05.2026,employee_3c4a629691,500,Премия,[redacted_comment]
,,,,,,,,,,,,,,,,,19.05.2026,employee_3c4a629691,500,Премия,[redacted_comment]
,,,,,,,,,,,,,,,,,19.05.2026,employee_f420556a57,500,Премия,[redacted_comment]
,,,,,,,,,,,,,,,,,19.05.2026,employee_908545f9b4,500,Премия,[redacted_comment]
,,,,,,,,,,,,,,,,,19.05.2026,employee_908545f9b4,500,Премия,[redacted_comment]
,,,,,,,,,,,,,,,,,19.05.2026,employee_908545f9b4,500,Премия,[redacted_comment]
,,,,,,,,,,,,,,,,,20.05.2026,employee_908545f9b4,500,Премия,[redacted_comment]
,,,,,,,,,,,,,,,,,21.05.2026,employee_908545f9b4,500,Премия,[redacted_comment]
,,,,,,,,,,,,,,,,,19.05.2026,employee_2dcfa0649d,300,Премия,[redacted_comment]
,,,,,,,,,,,,,,,,,22.05.2026,employee_2dcfa0649d,150,Премия,[redacted_comment]
,,,,,,,,,,,,,,,,,23.05.2026,employee_2dcfa0649d,300,Премия,[redacted_comment]
,,,,,,,,,,,,,,,,,24.05.2026,employee_2dcfa0649d,300,Премия,[redacted_comment]
,,,,,,,,,,,,,,,,,20.05.2026,employee_b3338b123c,300,Премия,[redacted_comment]
,,,,,,,,,,,,,,,,,21.05.2026,employee_b3338b123c,300,Премия,[redacted_comment]
,,,,,,,,,,,,,,,,,22.05.2026,employee_b3338b123c,150,Премия,[redacted_comment]
,,,,,,,,,,,,,,,,,24.05.2026,employee_2dcfa0649d,200,Премия,[redacted_comment]
,,,,,,,,,,,,,,,,,24.05.2026,employee_a285bf7cad,200,Премия,[redacted_comment]
,,,,,,,,,,,,,,,,,19.05.2026,employee_f2a23819d8,103,Штрафы и удержания,[redacted_comment]
,,,,,,,,,,,,,,,,,22.05.2026,employee_15b9fd024a,105,Штрафы и удержания,[redacted_comment]
,,,,,,,,,,,,,,,,,20.05.2026,employee_908545f9b4,180,Штрафы и удержания,[redacted_comment]
,,,,,,,,,,,,,,,,,21.05.2026,employee_9b36065fce,325,Штрафы и удержания,[redacted_comment]
,,,,,,,,,,,,,,,,,19.05.2026,employee_15b9fd024a,183,Штрафы и удержания,[redacted_comment]
,,,,,,,,,,,,,,,,,20.05.2026,employee_f420556a57,74,Штрафы и удержания,[redacted_comment]
,,,,,,,,,,,,,,,,,19.05.2026,employee_15b9fd024a,46,Штрафы и удержания,[redacted_comment]
,,,,,,,,,,,,,,,,,22.05.2026,employee_f420556a57,84,Штрафы и удержания,[redacted_comment]
,,,,,,,,,,,,,,,,,23.05.2026,employee_9b36065fce,53,Штрафы и удержания,[redacted_comment]
,,,,,,,,,,,,,,,,,24.05.2026,employee_44aa735d3b,90,Штрафы и удержания,[redacted_comment]
,,,,,,,,,,,,,,,,,25.05.2026,employee_b0e5843216,500,Штрафы и удержания,[redacted_comment]
,,,,,,,,,,,,,,,,,26.05.2026,employee_3c4a629691,500,Премия,[redacted_comment]
,,,,,,,,,,,,,,,,,26.05.2026,employee_9b36065fce,700,Премия,[redacted_comment]
