rule_id,rule_name,current_source,formula_or_logic,applies_to_roles,applies_to_period,pnl_or_cashflow,automation_priority,quality_status,owner_question
PR-001,"Текущий штат берется из листа Штат","Штат!A:E","Наличие строки сотрудник+роль задает активную роль; дата приема используется для стажа","all_staff","current_date","neither","high","confirmed_formula","Нужно ли добавить явный статус active/trial/terminated/archive?"
PR-002,"Текущая категория определяется последним событием","Категории и надбавки!A:D; Штат","Берется последняя категория по сотруднику и роли с датой не позже даты расчета","shift_roles","calculation_date","P&L payroll accrual","high","confirmed_formula","Нужно ли разрешать будущие категории с effective date?"
PR-003,"Коэффициент процента зависит от категории","Исходные данные!G:H; owner clarification 2026-05-20","Google Sheets: категория 1=10; 2=7.5; 3=5; 4=2.5; 5=0; 6=0. Target app: стажеры 4 категории без процента; внештат category 6 без процента","shift_roles","per_shift_day","P&L payroll accrual","high","confirmed_formula_and_owner","Для приложения отделить formula legacy от target business rule"
PR-004,"Ставка смены задается парой роль+категория","Исходные данные!L:N; owner clarification 2026-05-20","Оклад полной 12ч смены ищется по роли и категории. Пиццерист/4 и Сушист/4 = стажеры: только оклад, без процента; конкретные trainee rates задать в приложении","shift_roles","per_shift_day","P&L payroll accrual","high","confirmed_formula_and_owner","Задать trainee salary rules для Пиццерист/4 и Сушист/4"
PR-005,"Административная зарплата идет отдельным контуром","Зарплата Администрации","Фиксированные начисления и выплаты по административным должностям не используют категорийную логику смен","admin_roles","pay_period","P&L payroll accrual and cashflow","medium","confirmed_formula","Нужно ли объединять admin и shift роли в одной карточке сотрудника?"
PR-006,"Выручка дня подтягивается по дате","Смены и выручка!J:K; Калькулятор!C5:I5","SUMIF по дате возвращает сумму дневной выручки","shift_roles","per_shift_day","P&L payroll accrual","high","confirmed_formula","Будет ли источник выручки iiko или ручная загрузка?"
PR-007,"Порог процента от выручки","Исходные данные!P:Q","50000=3.5%; 140000=4.5%; 190000=5.5%; 550000=6.5%; применяется максимальный достигнутый порог","shift_roles","per_shift_day","P&L payroll accrual","high","confirmed_formula","Нужно ли хранить историю изменений порогов?"
PR-008,"Парсинг явок из текстовых интервалов","Загрузка явок; Расчет длительности смен","Интервал разбирается формулами LEFT/RIGHT/LEN/MID/VALUE","shift_roles","per_shift_day","P&L payroll accrual","high","confirmed_formula","Как обрабатывать смены через полночь и нестандартные интервалы?"
PR-009,"Округление длительности смены","Расчет длительности смен!Y:AE","Если минуты >=40, финальная длительность увеличивается на 1 час","shift_roles","per_shift_day","P&L payroll accrual","high","confirmed_formula","Применять это правило ко всем ролям и всем типам явок?"
PR-010,"Полная смена начинается с 12 часов","Расчет коэффициентов; Калькулятор!C9:I13","Если final_hours >=12, сотрудник получает полный коэффициент и полную ставку смены","shift_roles","per_shift_day","P&L payroll accrual","high","confirmed_formula","Есть ли роли с другой нормой часов?"
PR-011,"Неполная смена режет коэффициент и оклад","Расчет коэффициентов!J:Q; Калькулятор!C13:I15","Для часов <12 применяется пропорция hours/12","shift_roles","per_shift_day","P&L payroll accrual","high","confirmed_formula","Нужно ли округлять результат оклада и коэффициента иначе в приложении?"
PR-012,"Распределение процента между участниками смены","Калькулятор!C16:I16","floor(daily_revenue * rate / total_adjusted_coeff * employee_adjusted_coeff)","shift_roles","per_shift_day","P&L payroll accrual","high","confirmed_formula","Что делать, если total_adjusted_coeff пустой или нулевой?"
PR-013,"Оклад полной смены","Калькулятор!C14:I15","salary_base = role_category_rate + active_allowances + extra_hour_if_any","shift_roles","per_shift_day","P&L payroll accrual","high","confirmed_formula","Какие дни/условия дают доп. час +200?"
PR-014,"Надбавка Старший","Исходные данные!S:T; Категории и надбавки!N:P","Активный статус Старший добавляет 500 RUB к сменной ставке","shift_roles","per_shift_day","P&L payroll accrual","medium","confirmed_formula","Применяется ли Старший по сотруднику или по конкретной роли?"
PR-015,"Надбавка Зам","Исходные данные!S:T; Категории и надбавки!N:P","Активный статус Зам добавляет 300 RUB к сменной ставке","shift_roles","per_shift_day","P&L payroll accrual","medium","confirmed_formula","Применяется ли Зам по сотруднику или по конкретной роли?"
PR-016,"Внеурочный коэффициент","Исходные данные!S:T; Калькулятор!C15:I15","Коэффициент x1.5 применяется при отмеченном признаке; ссылка в калькуляторе конфликтует с депозитным блоком","shift_roles","per_shift_day","P&L payroll accrual","medium","needs_owner_confirmation","Почему Калькулятор!C15:I15 проверяет C25:I25?"
PR-017,"Премии вводятся ручным событием","Категории и надбавки!R:V; Калькулятор!C17:I18","Суммируются по дате, сотруднику и типу Премия; комментарии склеиваются/переносятся в Выгрузка","all_staff","event_date","P&L payroll accrual","high","confirmed_formula","Нужен ли обязательный справочник причин премий?"
PR-018,"Больничные, отпуска и пособия единым типом","Категории и надбавки!R:V; Калькулятор!C19:I19","Ручное начисление увеличивает баланс сотрудника","all_staff","event_date","P&L payroll accrual","medium","confirmed_formula","Нужно ли разделить больничные, отпуска и пособия на подтипы?"
PR-019,"Штрафы и удержания вводятся положительной суммой","Категории и надбавки!R:V; Выгрузка","Сумма хранится положительной, баланс уменьшается по типу строки","all_staff","event_date","contra payroll","high","confirmed_formula","Оставляем положительные суммы с типом удержания или мигрируем в signed amounts?"
PR-020,"Нормализация типа Штрафы и удержания","Выгрузка!F:F","Есть вариант с обычным пробелом и вариант с неразрывным пробелом; должны маппиться в один line_type","all_staff","all_history","contra payroll","high","quality_issue","Можно ли нормализовать исторические строки при миграции?"
PR-021,"Штрафы по ревизиям","Калькулятор!B24:E24","Найденные ставки: 929 для производственных ролей и 25 для Администратор; есть флаг исключения","shift_roles","per_revision_or_period","contra payroll","medium","confirmed_formula","Какой период и основание ревизионного штрафа?"
PR-022,"НДФЛ начислено как удержание","Выгрузка; Персональный отчет!M","Тип Выгрузки НДФЛ Начислено уменьшает баланс сотрудника; в отчете подписан как Удержание НДФЛ","all_staff","event_date","tax withholding","medium","confirmed_formula","Нужна ли сверка НДФЛ с налоговыми платежами?"
PR-023,"Полная строка Налоги с ЗП в P&L не берется только из payroll","pnl-build-methodology.md","Основной источник налогов с ЗП для P&L - ДДС статья Налоги с З/п; payroll только контроль","all_staff","monthly","P&L tax accrual/control","medium","confirmed_owner","Какая сверка между payroll НДФЛ и ДДС налогами нужна в MVP?"
PR-024,"Накопительный фонд считается от оклада","Калькулятор!C20:I20","Если стаж достиг порога, фонд = floor(Оклад * percent_by_tenure)","shift_roles","per_shift_day","P&L accrual / employee liability","high","confirmed_formula","Подтвердить, что база фонда только Оклад, а не Оклад+Процент+Премия"
PR-025,"Пороги накопительного фонда","Исходные данные!V:W","0.5 года=5%; 1 год=10%; 1.5 года=15%","shift_roles","per_shift_day","P&L accrual / employee liability","high","confirmed_formula","История порогов нужна или правила постоянны?"
PR-026,"Выплата накопительного фонда","Персональный отчет!I7:J7; owner clarification 2026-05-20","Фонд выплачивается строго 15 января; формула Sheets показывает окно 1-15 января как legacy/helper behavior","eligible_staff","annual January 15","cashflow and liability close","high","confirmed_owner","В приложении сделать выплату/закрытие фонда строго 15 января"
PR-027,"Списание накоплений","Выгрузка; Персональный отчет!H7","Списание накоплений уменьшает фонд текущего года; причина не структурирована","all_staff","event_date","liability adjustment","medium","observed_register","Списание всегда связано с увольнением раньше срока?"
PR-028,"Выплата накоплений как обычная выплата","Выплаты; Персональный отчет; owner clarification 2026-05-20","Выплата накоплений отображается как обычная выплата; ячейка накоплений в персональном отчете после выплаты обнуляется","eligible_staff","payment_date","cashflow and liability close","high","confirmed_owner_with_sheet_gap","В приложении сделать явный fund transaction, чтобы обнуление было аудируемым"
PR-029,"Депозит по умолчанию зависит от категории","Исходные данные!G:J","Категории 1..5 имеют депозит 20000/15000/10000/7000/7000 и удержание 1000; категория 6 = 0","shift_roles","current_or_effective_date","deposit liability","high","confirmed_formula","Как выбрать депозитную категорию при нескольких ролях?"
PR-030,"Персональный override депозита","Категории и надбавки!F:H","Override требуемого депозита и суммы удержания имеет приоритет над категорией","individual_employee","effective_date","deposit liability","medium","confirmed_formula","Нужен ли срок действия override?"
PR-031,"Депозит удержание","Калькулятор!B26:C26; Выгрузка","Если собранный депозит меньше требуемого, создается Депозит удержание","shift_roles","pay_period","cashflow withholding / deposit build-up","high","confirmed_formula","Удержание делать раз в смену, неделю или расчетный период?"
PR-032,"Депозит возврат","Калькулятор!B25:C25; Категории и надбавки!J:L","Если статус Выдать, возврат = собранный депозит * коэффициент выдачи","terminated_staff","termination/final_calc","deposit liability release / cashflow when paid","high","confirmed_formula","Коэффициент применять к собранному, требуемому или доступному к возврату депозиту?"
PR-033,"Депозит списание","Калькулятор!B27:C27; Выгрузка; owner clarification 2026-05-20","Если статус Не выдавать, создается Депозит списание. Не показывать в персональном отчете сотрудника; держать во внутреннем депозитном audit trail","terminated_staff","termination/final_calc","deposit forfeiture / internal adjustment","high","confirmed_formula_and_owner","Определить P&L/management report для списанных депозитов"
PR-034,"Строки Выгрузки являются accrual ledger","Выгрузка","Дата, сумма, сотрудник, должность, подразделение, тип, комментарий; не обязательно денежное движение","all_staff","event_date","P&L payroll accrual","high","confirmed_formula","Нужно ли запретить ручное редактирование закрытых ledger lines?"
PR-035,"Выплаты являются cash ledger","Выплаты","Дата, сумма, сотрудник, должность, подразделение, тип выплаты, комментарий","all_staff","payment_date","cashflow","high","confirmed_formula","Какие источники выплат должны импортироваться автоматически?"
PR-036,"Персональный отчет суммирует по дата+сотрудник+тип","Персональный отчет","SUMIF по составному ключу агрегирует строки начислений и выплат","all_staff","selected_period","reporting","high","confirmed_formula","Нужно ли показывать все source lines вместо агрегата?"
PR-037,"Комментарии в персональном отчете могут теряться","Персональный отчет; Выгрузка!G:G","VLOOKUP возвращает только первое найденное значение по дате, сотруднику и типу","all_staff","selected_period","reporting","medium","quality_gap","Нужно ли переносить все комментарии как список?"
PR-038,"Недельный итог производства","Понедельные начисления","Итого = Оклад + Процент + Премия - НДФЛ - Штрафы - Ревизии","production_shift_roles","weekly","P&L payroll accrual","medium","confirmed_formula","Включать ли фонд, пособия, депозиты и списания в недельный итог?"
PR-039,"Недельная сводка зашита на Производство Черникова","Понедельные начисления","Формулы фильтруют подразделение Производство Черникова и стартуют от 2026-03-03","production_shift_roles","weekly","P&L payroll accrual","medium","needs_owner_confirmation","Это временное ограничение или бизнес-правило?"
PR-040,"P&L использует начисления, а не выплаты","labor_report.md; pnl-build-methodology.md","ФОТ для P&L считается по начислительным типам; выплаты используются для cash-flow сверки","all_staff","monthly","P&L payroll accrual","high","confirmed_formula","Финально подтвердить включение Накопительного фонда в ФОТ"
PR-041,"Списание невостребованных депозитов может идти в P&L","pnl-build-methodology.md","Строка Свод!17 пригодна для автоматического подтягивания в P&L, но в месячных листах не подключена","terminated_staff","monthly","P&L income/adjustment","medium","confirmed_owner","Какой line_type веб-приложение должно отдавать для этой строки?"
PR-042,"Пустота не равна нулю","workbook_architecture.md; payroll_calculation_flow.md","IFERROR и пустые строки означают missing/not_applicable, а не подтвержденный 0","all_staff","all_periods","data_quality","high","confirmed_formula","Какие статусы качества показывать пользователю?"
PR-043,"Контроль дублей накопительного фонда","Выгрузка!G4499:G8485","COUNTIFS помечает дубль по дате, сотруднику и типу Накопительный фонд","shift_roles","event_date","data_quality","medium","confirmed_formula","Нужно ли блокировать закрытие расчета при дубле?"
PR-044,"Калькулятор -> Выгрузка через Apps Script","workbook_architecture.md; owner clarification 2026-05-20","Выгрузка содержит значения; текущий перенос строк из калькулятора выполняется через Apps Script","all_staff","pay_period","process_control","high","confirmed_owner","В приложении заменить Apps Script на payroll_run и immutable ledger lines"
PR-045,"Курьерские выплаты не найдены в текущем payroll-контуре","labor_report.md","График курьеров содержит доставки и выходы, но не ставки и суммы выплат","couriers","monthly","P&L payroll accrual / cashflow","low","source_not_found","Где хранится источник правил и факта оплаты курьеров?"
